iso_alpha_3,date,deaths,confirmed,tests,vaccines,people_vaccinated,people_fully_vaccinated,hosp,population,date_obs,day
GBR,2021-01-11,1244,46169,555202,165844,145076,20768,36276,66460344,1,1
GBR,2021-01-12,1320,45533,596013,223726,207661,16065,36509,66460344,2,2
GBR,2021-01-13,1309,47525,643787,288688,278943,9745,37031,66460344,3,3
GBR,2021-01-14,1341,48682,701914,321951,316694,5257,37236,66460344,4,4
GBR,2021-01-15,1324,55761,604569,345525,341317,4208,37688,66460344,5,5
GBR,2021-01-16,1419,41342,501076,298751,296131,2620,37261,66460344,6,6
GBR,2021-01-17,1361,38598,424705,192346,190107,2239,37721,66460344,7,7
GBR,2021-01-18,1401,37535,590543,208641,204076,4565,38824,66460344,8,1
GBR,2021-01-19,1490,33355,601959,346922,343163,3759,38436,66460344,9,2
GBR,2021-01-20,1383,38905,666455,366919,363508,3411,38335,66460344,10,3
GBR,2021-01-21,1350,37892,675964,412615,409855,2760,37646,66460344,11,4
GBR,2021-01-22,1335,40261,649618,480069,478248,1821,37842,66460344,12,5
GBR,2021-01-23,1288,33552,486027,493013,491970,1043,36985,66460344,13,6
GBR,2021-01-24,1239,30004,418731,221067,220249,818,37317,66460344,14,7
GBR,2021-01-25,1263,22195,569345,281725,279757,1968,37352,66460344,15,1
GBR,2021-01-26,1173,20088,617860,312770,311060,1710,36712,66460344,16,2
GBR,2021-01-27,1232,25308,786445,314707,312378,2329,35147,66460344,17,3
GBR,2021-01-28,1224,28680,776120,416188,414419,1769,34549,66460344,18,4
GBR,2021-01-29,1160,29079,679318,489934,487756,2178,33503,66460344,19,5
GBR,2021-01-30,1026,23275,446172,609010,598389,10621,32676,66460344,20,6
GBR,2021-01-31,995,21088,604452,322194,319038,3156,32246,66460344,21,7
GBR,2021-02-01,1007,18607,678952,352935,350348,2587,32641,66460344,22,1
GBR,2021-02-02,963,16840,633038,376922,374756,2166,31467,66460344,23,2
GBR,2021-02-03,976,19202,818128,472011,469016,2995,30314,66460344,24,3
GBR,2021-02-04,826,20634,810986,484596,480560,4036,29145,66460344,25,4
GBR,2021-02-05,874,19114,694695,498227,494163,4064,28129,66460344,26,5
GBR,2021-02-06,787,18262,466762,551470,549808,1662,26669,66460344,27,6
GBR,2021-02-07,753,15845,602354,279850,278988,862,26553,66460344,28,7
GBR,2021-02-08,781,14104,657446,356291,352480,3811,26515,66460344,29,1
GBR,2021-02-09,723,12364,606861,414973,411812,3161,25464,66460344,30,2
GBR,2021-02-10,712,13013,787702,455704,450810,4894,24203,66460344,31,3
GBR,2021-02-11,676,13494,770642,508763,503116,5647,23201,66460344,32,4
GBR,2021-02-12,636,15144,644620,549378,544603,4775,22129,66460344,33,5
GBR,2021-02-13,586,13307,416831,508208,505362,2846,20779,66460344,34,6
GBR,2021-02-14,605,10972,409175,239877,237962,1915,20861,66460344,35,7
GBR,2021-02-15,615,9765,487818,282491,275956,6535,20805,66460344,36,1
GBR,2021-02-16,568,10625,516259,377277,364865,12412,20038,66460344,37,2
GBR,2021-02-17,506,12717,592334,497257,482110,15147,19277,66460344,38,3
GBR,2021-02-18,521,12057,577265,468321,452454,15867,18357,66460344,39,4
GBR,2021-02-19,469,12027,539346,387200,371906,15294,17705,66460344,40,5
GBR,2021-02-20,452,10406,414084,344942,334679,10263,16888,66460344,41,6
GBR,2021-02-21,411,9834,599758,150896,141719,9177,16706,66460344,42,7
GBR,2021-02-22,379,10641,711748,210804,192341,18463,16711,66460344,43,1
GBR,2021-02-23,381,8489,625981,353009,326692,26317,15951,66460344,44,2
GBR,2021-02-24,367,9938,758332,480575,448962,31613,15400,66460344,45,3
GBR,2021-02-25,355,9985,768387,521039,485720,35319,14715,66460344,46,4
GBR,2021-02-26,304,8523,628875,537266,504493,32773,13952,66460344,47,5
GBR,2021-02-27,308,7434,392224,434825,407503,27322,13141,66460344,48,6
GBR,2021-02-28,281,6035,546417,205584,185900,19684,12666,66460344,49,7
GBR,2021-03-01,297,5455,775043,231450,203168,28282,12765,66460344,50,1
GBR,2021-03-02,244,6391,732148,276310,224996,51314,12023,66460344,51,2
GBR,2021-03-03,218,6385,887823,347406,278956,68450,11420,66460344,52,3
GBR,2021-03-04,234,6573,1045002,446450,376244,70206,10836,66460344,53,4
GBR,2021-03-05,222,5946,1007805,494235,437463,56772,10221,66460344,54,5
GBR,2021-03-06,210,6039,482357,448396,416834,31562,9621,66460344,55,6
GBR,2021-03-07,197,5177,825096,184384,164143,20241,9367,66460344,56,7
GBR,2021-03-08,197,4712,1617141,254061,215273,38788,9379,66460344,57,1
GBR,2021-03-09,185,5766,1491508,290223,217301,72922,8912,66460344,58,2
GBR,2021-03-10,163,5926,1661529,341049,243887,97162,8355,66460344,59,3
GBR,2021-03-11,173,6753,1732618,354372,260809,93563,7982,66460344,60,4
GBR,2021-03-12,135,6609,1519768,457254,369578,87676,7646,66460344,61,5
GBR,2021-03-13,135,5534,471202,564263,512108,52155,7302,66460344,62,6
GBR,2021-03-14,138,4618,991620,282381,257010,25371,7235,66460344,63,7
GBR,2021-03-15,139,5089,1690547,440051,386685,53366,7125,66460344,64,1
GBR,2021-03-16,114,5294,1431829,529119,433320,95799,6765,66460344,65,2
GBR,2021-03-17,127,5758,1731710,581855,462246,119609,6498,66460344,66,3
GBR,2021-03-18,100,6303,1569802,660276,528260,132016,6061,66460344,67,4
GBR,2021-03-19,104,4802,1021145,740655,614930,125725,5793,66460344,68,5
GBR,2021-03-20,101,5587,500666,844285,752308,91977,5480,66460344,69,6
GBR,2021-03-21,127,5312,1917926,419618,367006,52612,5367,66460344,70,7
GBR,2021-03-22,108,5342,1336848,412197,329897,82300,5359,66460344,71,1
GBR,2021-03-23,95,5379,914608,494805,325650,169155,5079,66460344,72,2
GBR,2021-03-24,70,5604,1857975,580307,337665,242642,4806,66460344,73,3
GBR,2021-03-25,79,6220,1435970,559324,324942,234382,4520,66460344,74,4
GBR,2021-03-26,75,6187,756657,694959,411305,283654,4423,66460344,75,5
GBR,2021-03-27,65,3865,499391,663162,424301,238861,4374,66460344,76,6
GBR,2021-03-28,50,3862,1668378,441142,293548,147594,4121,66460344,77,7
GBR,2021-03-29,71,4654,1028366,405039,236809,168230,4139,66460344,78,1
GBR,2021-03-30,56,4040,734069,503599,225917,277682,3925,66460344,79,2
GBR,2021-03-31,74,4052,1320111,627008,239434,387574,3688,66460344,80,3
GBR,2021-04-01,63,4478,1073930,616234,170818,445416,3503,66460344,81,4
GBR,2021-04-02,50,3402,615615,354051,107420,246631,3325,66460344,82,5
GBR,2021-04-03,42,3423,441220,286799,107886,178913,3201,66460344,83,6
GBR,2021-04-04,53,2297,844843,95763,48055,47708,3185,66460344,84,7
GBR,2021-04-05,45,2762,876868,105334,40744,64590,3214,66460344,85,1
GBR,2021-04-06,45,2379,713353,272020,85227,186793,3103,66460344,86,2
GBR,2021-04-07,46,2762,1083437,507926,99530,408396,2975,66460344,87,3
GBR,2021-04-08,62,3030,1049124,545511,96242,449269,2826,66460344,88,4
GBR,2021-04-10,43,2584,518711,586339,111109,475230,2618,66460344,90,6
GBR,2021-04-11,41,1730,1255041,258888,69223,189665,2519,66460344,91,7
GBR,2021-04-12,38,3568,1028656,261096,59905,201191,2464,66460344,92,1
GBR,2021-04-13,47,2471,755887,388808,76123,312685,2380,66460344,93,2
GBR,2021-04-14,35,2491,1207531,461618,117835,343783,2268,66460344,94,3
GBR,2021-04-15,43,2671,1114229,547465,129782,417683,2168,66460344,95,4
GBR,2021-04-16,32,2756,760759,635221,135557,499664,2112,66460344,96,5
GBR,2021-04-17,43,2206,528390,639080,139445,499635,2006,66460344,97,6
GBR,2021-04-18,31,1882,1715603,304418,83225,221193,1951,66460344,98,7
GBR,2021-04-19,23,2963,1225208,373423,99672,273751,1980,66460344,99,1
GBR,2021-04-20,35,2524,824954,457649,107622,350027,1898,66460344,100,2
GBR,2021-04-21,36,2396,1417498,534693,117909,416784,1865,66460344,101,3
GBR,2021-04-22,33,2728,1261935,562056,130986,431070,1763,66460344,102,4
GBR,2021-04-23,29,2678,807901,600801,135786,465015,1723,66460344,103,5
GBR,2021-04-24,24,2061,535229,696403,148767,547636,1651,66460344,104,6
GBR,2021-04-25,27,1712,1517695,340496,79695,260801,1599,66460344,105,7
GBR,2021-04-26,21,2064,1222940,395383,90695,304688,1620,66460344,106,1
GBR,2021-04-27,25,2685,811190,495593,116328,379265,1540,66460344,107,2
GBR,2021-04-28,21,2166,1409282,597025,134140,462885,1486,66460344,108,3
GBR,2021-04-29,17,2445,1224687,614135,122568,491567,1441,66460344,109,4
GBR,2021-04-30,16,2381,746611,567374,145589,421785,1344,66460344,110,5
GBR,2021-05-01,16,1907,518294,515479,143175,372304,1263,66460344,111,6
GBR,2021-05-02,19,1671,869433,262815,89924,172891,1263,66460344,112,7
GBR,2021-05-03,17,1649,1220070,200099,72600,127499,1281,66460344,113,1
GBR,2021-05-04,15,1946,1005162,384656,127170,257486,1275,66460344,114,2
GBR,2021-05-05,22,2144,1263555,543323,139097,404226,1222,66460344,115,3
GBR,2021-05-06,17,2613,1214688,608471,135470,473001,1143,66460344,116,4
GBR,2021-05-07,18,2490,759001,598823,133001,465822,1142,66460344,117,5
GBR,2021-05-08,20,2047,526077,607864,169027,438837,1120,66460344,118,6
GBR,2021-05-09,11,1770,1357755,287797,100626,187171,1099,66460344,119,7
GBR,2021-05-10,8,2357,1127331,346888,115053,231835,1112,66460344,120,1
GBR,2021-05-11,21,2474,786540,485260,135113,350147,1090,66460344,121,2
GBR,2021-05-12,15,2284,1228161,636647,184210,452437,1052,66460344,122,3
GBR,2021-05-14,14,2193,748282,613470,220068,393402,966,66460344,124,5
GBR,2021-05-15,15,2027,485953,628577,237331,391246,956,66460344,125,6
GBR,2021-05-16,14,1926,1125203,315063,131318,183745,932,66460344,126,7
GBR,2021-05-17,13,1979,1227218,365782,106733,259049,934,66460344,127,1
GBR,2021-05-19,4,2135,1225360,633876,264858,369018,908,66460344,129,3
GBR,2021-05-20,7,2694,1140517,688563,268251,420312,903,66460344,130,4
GBR,2021-05-21,18,2702,788200,646340,219657,426683,913,66460344,131,5
GBR,2021-05-22,4,2523,524221,762361,205410,556951,879,66460344,132,6
GBR,2021-05-23,16,2092,1203457,378496,126357,252139,916,66460344,133,7
GBR,2021-05-24,16,2362,1109451,455334,122379,332955,955,66460344,134,1
GBR,2021-05-25,11,2410,814863,574134,186147,387987,917,66460344,135,2
GBR,2021-05-26,14,2987,1181545,663577,236119,427458,890,66460344,136,3
GBR,2021-05-27,8,3380,1091376,690613,256517,434096,867,66460344,137,4
GBR,2021-05-28,14,4028,739556,640393,204442,435951,879,66460344,138,5
GBR,2021-05-29,12,3240,513887,602374,183526,418848,879,66460344,139,6
GBR,2021-05-30,9,3111,652154,331209,124887,206322,901,66460344,140,7
GBR,2021-05-31,11,3283,692462,288649,93103,195546,923,66460344,141,1
GBR,2021-06-01,10,3099,739061,447072,108507,338565,923,66460344,142,2
GBR,2021-06-02,12,4261,898160,521782,172763,349019,957,66460344,143,3
GBR,2021-06-03,16,5179,905313,568907,191266,377641,933,66460344,144,4
GBR,2021-06-04,14,6140,722833,567955,179924,388031,961,66460344,145,5
GBR,2021-06-05,7,5651,514838,676991,203613,473378,933,66460344,146,6
GBR,2021-06-06,13,5223,1276470,387286,127345,259941,960,66460344,147,7
GBR,2021-06-07,6,5584,1072537,419009,112941,306068,1029,66460344,148,1
GBR,2021-06-08,15,5966,789552,450284,136802,313482,1052,66460344,149,2
GBR,2021-06-09,17,7312,1128506,492817,176559,316258,1060,66460344,150,3
GBR,2021-06-10,16,7232,1082387,509645,201607,308038,1092,66460344,151,4
GBR,2021-06-11,13,7958,811711,515723,208531,307192,1075,66460344,152,5
GBR,2021-06-12,12,7550,560069,574511,254185,320326,1103,66460344,153,6
GBR,2021-06-13,12,7319,1083596,328349,147228,181121,1139,66460344,154,7
GBR,2021-06-14,13,7606,1077642,368555,132627,235928,1180,66460344,155,1
GBR,2021-06-15,21,7587,845646,420699,190033,230666,1230,66460344,156,2
GBR,2021-06-16,16,8808,1151955,430399,195565,234834,1255,66460344,157,3
GBR,2021-06-17,9,10809,1178121,467238,243978,223260,1319,66460344,158,4
GBR,2021-06-18,18,10270,851351,428817,223140,205677,1361,66460344,159,5
GBR,2021-06-19,20,10075,615462,516604,280241,236363,1347,66460344,160,6
GBR,2021-06-20,22,9072,1184061,273158,163750,109408,1381,66460344,161,7
GBR,2021-06-21,13,10467,1171689,60405,21080,39325,1515,66460344,162,1
GBR,2021-06-22,18,11481,889321,550712,299837,250875,1536,66460344,163,2
GBR,2021-06-23,9,15882,1196493,375635,207647,167988,1487,66460344,164,3
GBR,2021-06-24,29,16702,1209922,399347,221534,177813,1508,66460344,165,4
GBR,2021-06-25,22,15296,911598,377267,202497,174770,1528,66460344,166,5
GBR,2021-06-26,17,17943,646498,433946,234441,199505,1535,66460344,167,6
GBR,2021-06-27,24,14623,1249065,263267,139712,123555,1591,66460344,168,7
GBR,2021-06-28,18,22644,1246857,265276,127260,138016,1729,66460344,169,1
GBR,2021-06-29,24,20223,954925,288679,137991,150688,1731,66460344,170,2
GBR,2021-06-30,26,25606,1300089,316965,141216,175749,1805,66460344,171,3
GBR,2021-07-01,28,27556,1254005,345591,152525,193066,1914,66460344,172,4
GBR,2021-07-02,32,26706,943056,301083,123605,177478,1982,66460344,173,5
GBR,2021-07-03,31,24447,694385,333598,137389,196209,2023,66460344,174,6
GBR,2021-07-04,30,23818,1318237,188632,77222,111410,2138,66460344,175,7
GBR,2021-07-05,29,27100,1277568,224776,76962,147814,2324,66460344,176,1
GBR,2021-07-06,35,28334,1040072,238937,85811,153126,2447,66460344,177,2
GBR,2021-07-07,36,32048,1285260,258430,86953,171477,2636,66460344,178,3
GBR,2021-07-08,42,31977,1237503,271897,96430,175467,2722,66460344,179,4
GBR,2021-07-09,53,35200,967028,268902,90083,178819,2895,66460344,180,5
GBR,2021-07-10,45,31800,777926,305209,93763,211446,2985,66460344,181,6
GBR,2021-07-11,36,31352,1162494,149620,42000,107620,3130,66460344,182,7
GBR,2021-07-12,43,33998,1199505,179656,54296,125360,3399,66460344,183,1
GBR,2021-07-13,50,36216,1006917,217349,59073,158276,3609,66460344,184,2
GBR,2021-07-14,47,41748,1261034,246035,60374,185661,3787,66460344,185,3
GBR,2021-07-15,54,47891,1313830,263574,61681,201893,3964,66460344,186,4
GBR,2021-07-16,55,51273,1032787,271805,69491,202314,4081,66460344,187,5
GBR,2021-07-17,60,53969,816725,292431,67217,225214,4159,66460344,188,6
GBR,2021-07-18,73,47599,1088391,147064,18186,128878,4273,66460344,189,7
GBR,2021-07-19,88,39538,1254057,179230,35670,143560,4581,66460344,190,1
GBR,2021-07-20,68,46125,944489,200314,39035,161279,4667,66460344,191,2
GBR,2021-07-21,61,43404,1077551,228439,45101,183338,4860,66460344,192,3
GBR,2021-07-22,86,39315,1133406,232333,44036,188297,5033,66460344,193,4
GBR,2021-07-23,83,35654,959821,232315,42974,189341,5242,66460344,194,5
GBR,2021-07-24,69,31285,791390,247691,43805,203886,5306,66460344,195,6
GBR,2021-07-25,73,28652,828720,142507,24551,117956,5579,66460344,196,7
GBR,2021-07-26,79,24386,891379,178955,30019,148936,5942,66460344,197,1
GBR,2021-07-27,77,23228,852277,187052,35402,151650,6042,66460344,198,2
GBR,2021-07-28,84,25402,942360,215020,43847,171173,6068,66460344,199,3
GBR,2021-07-29,88,30633,940500,222271,42353,179918,5946,66460344,200,4
GBR,2021-07-30,105,29213,881594,207820,36724,171096,5981,66460344,201,5
GBR,2021-07-31,92,25754,701053,250840,38826,212014,5920,66460344,202,6
GBR,2021-08-01,97,24139,702819,139276,21232,118044,5937,66460344,203,7
GBR,2021-08-02,92,21687,798219,152284,26092,126192,6156,66460344,204,1
GBR,2021-08-03,80,21466,793074,172051,29290,142761,5943,66460344,205,2
GBR,2021-08-04,92,28936,875257,199003,33334,165669,5730,66460344,206,3
GBR,2021-08-05,101,29825,883482,208192,35500,172692,5681,66460344,207,4
GBR,2021-08-06,98,31442,833882,205332,36976,168356,5653,66460344,208,5
GBR,2021-08-07,106,28229,681992,251573,37990,213583,5590,66460344,209,6
GBR,2021-08-08,84,27110,719799,144913,22843,122070,5735,66460344,210,7
GBR,2021-08-09,84,24881,796152,169278,32250,137028,5885,66460344,211,1
GBR,2021-08-10,85,23297,786647,188654,37511,151143,5885,66460344,212,2
GBR,2021-08-11,89,29260,871194,215329,41568,173761,5869,66460344,213,3
GBR,2021-08-12,106,32706,887746,236943,44384,192559,5831,66460344,214,4
GBR,2021-08-13,98,32362,869677,212075,40490,171585,5860,66460344,215,5
GBR,2021-08-14,104,29143,649248,246187,46603,199584,5753,66460344,216,6
GBR,2021-08-15,91,26426,675493,157640,31257,126383,5908,66460344,217,7
GBR,2021-08-16,89,28176,766977,174106,35716,138390,6238,66460344,218,1
GBR,2021-08-17,102,26628,769374,189699,43824,145875,6263,66460344,219,2
GBR,2021-08-18,111,33646,858111,216507,47284,169223,6326,66460344,220,3
GBR,2021-08-19,115,36273,889273,231038,55979,175059,6366,66460344,221,4
GBR,2021-08-20,127,36987,799701,228277,60885,167392,6382,66460344,222,5
GBR,2021-08-21,118,31783,652852,267887,73006,194881,6401,66460344,223,6
GBR,2021-08-22,129,31976,706827,156697,40345,116352,6615,66460344,224,7
GBR,2021-08-23,120,31675,810507,177684,46401,131283,6894,66460344,225,1
GBR,2021-08-24,118,30619,790357,186086,55410,130676,6825,66460344,226,2
GBR,2021-08-25,108,35547,967198,229781,68076,161705,6860,66460344,227,3
GBR,2021-08-26,125,37962,1027231,200076,55140,144936,6895,66460344,228,4
GBR,2021-08-27,139,37690,937727,176393,44937,131456,6948,66460344,229,5
GBR,2021-08-28,134,32087,731257,176959,43271,133688,6841,66460344,230,6
GBR,2021-08-29,139,32937,739389,103830,24390,79440,6962,66460344,231,7
GBR,2021-08-30,109,26227,736996,86291,19643,66648,7192,66460344,232,1
GBR,2021-08-31,128,31931,981679,159301,39899,119402,7532,66460344,233,2
GBR,2021-09-01,125,35493,1089955,157473,44088,113385,7525,66460344,234,3
GBR,2021-09-02,137,37830,1292402,159377,40002,119375,7464,66460344,235,4
GBR,2021-09-03,152,42065,1292221,145856,35266,110590,7517,66460344,236,5
GBR,2021-09-04,146,36642,807356,169607,41054,128553,7401,66460344,237,6
GBR,2021-09-05,164,36515,1078313,94988,21795,73193,7598,66460344,238,7
GBR,2021-09-06,157,40801,1506935,102713,22698,80015,7888,66460344,239,1
GBR,2021-09-07,166,37179,1337208,112472,26624,85848,7828,66460344,240,2
GBR,2021-09-08,143,38486,1403570,113091,25131,87960,7985,66460344,241,3
GBR,2021-09-09,180,37480,1403685,122476,25774,96702,8003,66460344,242,4
GBR,2021-09-10,150,36734,1211124,117875,26064,91811,8176,66460344,243,5
GBR,2021-09-11,145,28856,792288,125972,27913,98059,8003,66460344,244,6
GBR,2021-09-12,141,28614,1116759,67570,14955,52615,8109,66460344,245,7
GBR,2021-09-13,119,30283,1225460,80081,19428,60653,8323,66460344,246,1
GBR,2021-09-14,170,26251,980431,84370,17645,66725,8243,66460344,247,2
GBR,2021-09-15,169,29873,1209896,87692,24402,63290,8244,66460344,248,3
GBR,2021-09-16,162,26326,1166007,87024,23051,63973,7969,66460344,249,4
GBR,2021-09-17,184,32292,957477,81162,20778,60384,7760,66460344,250,5
GBR,2021-09-18,137,29438,726218,98695,26198,72497,7546,66460344,251,6
GBR,2021-09-19,137,29007,1159081,48997,13840,35157,7597,66460344,252,7
GBR,2021-09-20,159,35702,1176566,66492,20150,46342,7655,66460344,253,1
GBR,2021-09-21,139,31095,981617,63790,20384,43406,7473,66460344,254,2
GBR,2021-09-22,159,33560,1003794,66726,22679,44047,7267,66460344,255,3
GBR,2021-09-23,149,35764,1280010,69671,25083,44588,7026,66460344,256,4
GBR,2021-09-24,141,35620,971901,72376,27617,44759,6776,66460344,257,5
GBR,2021-09-25,128,29746,811675,71414,24296,47118,6820,66460344,258,6
GBR,2021-09-26,111,32997,1160829,41523,15984,25539,6685,66460344,259,7
GBR,2021-09-27,127,37485,1128439,58096,24919,33177,6921,66460344,260,1
GBR,2021-09-28,121,34520,934372,65385,31853,33532,6903,66460344,261,2
GBR,2021-09-29,142,35059,1163380,65632,31539,34093,6796,66460344,262,3
GBR,2021-09-30,129,35742,1164726,937033,34372,34459,6641,66460344,263,4
GBR,2021-10-01,139,34589,931198,226381,38180,34289,6483,66460344,264,5
GBR,2021-10-02,118,29389,713452,259918,31066,34391,6335,66460344,265,6
GBR,2021-10-03,107,29666,1057064,135173,24123,21532,6490,66460344,266,7
GBR,2021-10-04,113,34256,1060488,190885,37671,29337,6683,66460344,267,1
GBR,2021-10-05,135,33049,919441,226019,41347,28572,6765,66460344,268,2
GBR,2021-10-06,114,38675,1126749,223501,32828,28576,6746,66460344,269,3
GBR,2021-10-07,133,39730,1074151,239314,33029,28656,6695,66460344,270,4
GBR,2021-10-08,122,34910,973118,234681,31685,29068,6692,66460344,271,5
GBR,2021-10-09,121,39413,728739,315681,31395,33477,6630,66460344,272,6
GBR,2021-10-10,115,33593,1001052,135033,22106,19451,6793,66460344,273,7
GBR,2021-10-11,138,39463,1058283,177340,29172,23632,6942,66460344,274,1
GBR,2021-10-12,136,37668,942923,227111,36847,26946,6957,66460344,275,2
GBR,2021-10-13,137,41446,1098504,530030,38726,29481,6960,66460344,276,3
GBR,2021-10-14,161,44556,1100514,310497,43489,27991,7014,66460344,277,4
GBR,2021-10-15,140,44212,963406,291083,40763,29432,7016,66460344,278,5
GBR,2021-10-16,152,42818,754030,368682,28999,33483,7048,66460344,279,6
GBR,2021-10-17,141,44696,1018000,153134,17837,17265,7311,66460344,280,7
GBR,2021-10-18,139,48703,1045800,241456,39672,23579,7684,66460344,281,1
GBR,2021-10-19,143,43324,945161,307744,42902,32767,7835,66460344,282,2
GBR,2021-10-20,154,48545,1152773,332539,49080,26365,8084,66460344,283,3
GBR,2021-10-21,165,51484,1121693,687752,48732,26828,8181,66460344,284,4
GBR,2021-10-22,151,48728,961516,371105,46250,26170,8172,66460344,285,5
GBR,2021-10-23,172,44985,733901,440764,40092,30243,8170,66460344,286,6
GBR,2021-10-24,167,38740,820626,214334,25747,18082,8332,66460344,287,7
GBR,2021-10-25,149,36100,943493,304247,37809,21446,8646,66460344,288,1
GBR,2021-10-26,179,43453,861330,328582,41083,23031,8761,66460344,289,2
GBR,2021-10-27,177,43922,953363,355173,44082,21577,8870,66460344,290,3
GBR,2021-10-28,199,39006,957863,366081,44702,23723,8944,66460344,291,4
GBR,2021-10-29,185,43081,879063,348474,40967,22279,9035,66460344,292,5
GBR,2021-10-30,165,40726,705691,433867,36052,25401,9078,66460344,293,6
GBR,2021-10-31,196,37667,990399,204800,27402,13449,9234,66460344,294,7
GBR,2021-11-01,192,39682,1022602,297852,37695,19214,9473,66460344,295,1
GBR,2021-11-02,165,33546,917855,364255,46663,20922,9461,66460344,296,2
GBR,2021-11-03,184,40803,1056366,419041,41242,17965,9246,66460344,297,3
GBR,2021-11-04,169,36559,1017070,398611,43731,20482,9096,66460344,298,4
GBR,2021-11-05,166,33697,875137,388827,43491,22633,8886,66460344,299,5
GBR,2021-11-06,171,30150,672571,484130,36748,24500,8641,66460344,300,6
GBR,2021-11-07,161,29843,914192,250335,25840,14610,8665,66460344,301,7
GBR,2021-11-08,161,31982,1029576,331498,33559,20361,8818,66460344,302,1
GBR,2021-11-09,157,32785,902541,401329,39836,21199,8759,66460344,303,2
GBR,2021-11-10,170,39325,1057193,699192,119188,47766,8687,66460344,304,3
GBR,2021-11-11,158,42401,1072718,429857,36383,22485,8545,66460344,305,4
GBR,2021-11-12,146,38900,878050,414160,34338,22048,8447,66460344,306,5
GBR,2021-11-13,152,37669,688384,519837,33527,24325,8309,66460344,307,6
GBR,2021-11-14,134,36128,948816,257335,22938,17048,8397,66460344,308,7
GBR,2021-11-15,171,39270,1017439,336683,32046,18055,8561,66460344,309,1
GBR,2021-11-16,166,36821,860961,398862,31431,19874,8287,66460344,310,2
GBR,2021-11-17,127,37868,1132905,439633,33092,22120,8049,66460344,311,3
GBR,2021-11-18,131,46858,1057269,436587,28880,20650,7957,66460344,312,4
GBR,2021-11-19,142,44237,911281,412575,27084,21607,7915,66460344,313,5
GBR,2021-11-20,143,39881,736700,513270,26013,24193,7796,66460344,314,6
GBR,2021-11-21,121,39458,1108376,268311,16424,13892,7894,66460344,315,7
GBR,2021-11-22,131,44434,1078656,349941,23258,18517,7988,66460344,316,1
GBR,2021-11-23,150,42482,992048,413976,26822,22002,7774,66460344,317,2
GBR,2021-11-24,124,42435,1119116,426964,24579,23439,7525,66460344,318,3
GBR,2021-11-25,141,46654,1140141,442483,23579,22823,7529,66460344,319,4
GBR,2021-11-26,132,49344,929700,410741,20314,23665,7432,66460344,320,5
GBR,2021-11-27,124,39567,750315,521785,23808,32866,7283,66460344,321,6
GBR,2021-11-28,144,36507,1050229,336273,21493,29445,7312,66460344,322,7
GBR,2021-11-29,144,42144,1116829,367154,22391,26092,7543,66460344,323,1
GBR,2021-11-30,122,39713,1064900,455285,30539,32157,7552,66460344,324,2
GBR,2021-12-01,138,47235,1229062,466235,26028,32356,7224,66460344,325,3
GBR,2021-12-02,123,53067,1232724,477734,25848,30976,7291,66460344,326,4
GBR,2021-12-03,147,50573,1114018,442053,23264,29811,7206,66460344,327,5
GBR,2021-12-04,163,41457,929073,529328,26914,37798,7058,66460344,328,6
GBR,2021-12-05,117,43285,1169485,339286,21955,27166,7157,66460344,329,7
GBR,2021-12-06,143,50850,1220830,374156,19979,25012,7261,66460344,330,1
GBR,2021-12-07,132,45102,1127635,442937,23512,28375,7255,66460344,331,2
GBR,2021-12-08,133,50617,1345548,465782,21700,29437,7274,66460344,332,3
GBR,2021-12-09,132,50023,1414056,527342,24039,33824,7347,66460344,333,4
GBR,2021-12-10,122,58184,1249630,482986,22063,31962,7308,66460344,334,5
GBR,2021-12-11,109,52279,1043113,615528,26291,38984,7272,66460344,335,6
GBR,2021-12-12,137,48071,1255940,451044,23317,30195,7391,66460344,336,7
GBR,2021-12-13,113,53953,1432272,562800,19671,29407,7607,66460344,337,1
GBR,2021-12-14,152,59077,1389598,728681,34082,37888,7611,66460344,338,2
GBR,2021-12-15,120,77741,1709377,812044,28067,38794,7526,66460344,339,3
GBR,2021-12-16,118,87565,1720158,936480,32677,42497,7545,66460344,340,4
GBR,2021-12-17,131,92503,1647108,927697,32890,42286,7420,66460344,341,5
GBR,2021-12-18,107,89074,1452799,1024833,38329,45898,7356,66460344,342,6
GBR,2021-12-19,117,81959,1553547,919521,33151,39904,7508,66460344,343,7
GBR,2021-12-20,136,91734,1599613,988710,39793,50938,7748,66460344,344,1
GBR,2021-12-21,112,89022,1573915,1062705,39955,54085,7951,66460344,345,2
GBR,2021-12-22,136,105330,1737007,932501,39309,53154,8177,66460344,346,3
GBR,2021-12-23,136,122448,1756558,682212,32605,44046,8204,66460344,347,4
GBR,2021-12-24,117,121371,1671916,194107,10770,13968,8446,66460344,348,5
GBR,2021-12-25,112,121861,1207788,12352,955,917,8236,66460344,349,6
GBR,2021-12-26,116,118945,1354691,27002,1935,2084,8644,66460344,350,7
GBR,2021-12-27,133,107699,1389134,315382,18191,23706,9651,66460344,351,1
GBR,2021-12-28,162,138025,1555690,378480,23859,29534,10799,66460344,352,2
GBR,2021-12-29,132,182104,1583777,511666,32607,43766,11847,66460344,353,3
GBR,2021-12-30,177,188124,1646624,475032,33371,44107,13033,66460344,354,4
GBR,2021-12-31,155,189836,1808397,204514,15384,22070,14059,66460344,355,5
GBR,2022-01-01,176,162572,1121003,23907,2277,2758,14378,66460344,356,6
GBR,2022-01-02,170,134943,1417361,140425,12449,16485,15002,66460344,357,7
GBR,2022-01-03,179,187414,1794600,190278,19158,29295,16178,66460344,358,1
GBR,2022-01-04,202,218705,2158128,288577,24866,40887,17179,66460344,359,2
GBR,2022-01-05,180,193814,2227960,318172,29030,41664,17891,66460344,360,3
GBR,2022-01-06,219,179731,2068321,289285,22741,34688,18358,66460344,361,4
GBR,2022-01-07,229,178163,1768238,280569,23422,35627,18536,66460344,362,5
GBR,2022-01-08,216,140566,1387277,318409,31689,51715,18460,66460344,363,6
GBR,2022-01-09,242,141398,1705332,195060,22205,31360,18890,66460344,364,7
GBR,2022-01-10,242,142122,1782163,194177,17954,26728,19707,66460344,365,1
GBR,2022-01-11,233,115280,1528048,187650,19276,28790,19608,66460344,366,2
FRA,2021-01-11,310,3582,396891,39995,39956,232,24812,66977107,2,1
FRA,2021-01-12,741,19267,337586,62197,62166,296,24703,66977107,3,2
FRA,2021-01-13,229,23703,312557,65213,65150,432,24735,66977107,4,3
FRA,2021-01-14,282,21228,322366,83372,83109,1166,24983,66977107,5,4
FRA,2021-01-15,634,20712,349966,69144,69040,555,25009,66977107,6,5
FRA,2021-01-16,190,21119,198381,20292,20219,183,24985,66977107,7,6
FRA,2021-01-17,140,16443,44615,11047,10993,137,25235,66977107,8,7
FRA,2021-01-18,403,3736,397121,86103,85924,614,25584,66977107,9,1
FRA,2021-01-19,654,23339,336739,130827,130616,860,25532,66977107,10,2
FRA,2021-01-20,310,26497,320203,137775,137578,836,25650,66977107,11,3
FRA,2021-01-21,346,22368,339858,158640,158435,947,25699,66977107,12,4
FRA,2021-01-22,649,22995,382289,121350,121091,846,25872,66977107,13,5
FRA,2021-01-23,229,23410,201312,38580,38494,223,25864,66977107,14,6
FRA,2021-01-24,171,18038,42558,9883,9752,196,26357,66977107,15,7
FRA,2021-01-25,445,4240,430993,79715,78257,1808,26888,66977107,16,1
FRA,2021-01-26,612,21860,359146,104115,100401,4189,27005,66977107,17,2
FRA,2021-01-27,350,26916,339847,113713,107266,7161,27131,66977107,18,3
FRA,2021-01-28,343,23260,384679,140812,124384,17250,27128,66977107,19,4
FRA,2021-01-29,820,22783,413938,111020,92211,19386,27270,66977107,20,5
FRA,2021-01-30,240,23857,216782,33669,29128,4678,27242,66977107,21,6
FRA,2021-01-31,195,19080,44475,7141,5241,1945,27573,66977107,22,7
FRA,2021-02-01,455,4347,441226,76247,53160,23361,27874,66977107,23,1
FRA,2021-02-02,724,22659,384637,110566,72339,38720,28029,66977107,24,2
FRA,2021-02-03,357,25896,350073,112650,72329,40827,27953,66977107,25,3
FRA,2021-02-05,1006,45287,422328,116514,68252,48700,27572,66977107,27,5
FRA,2021-02-06,190,19188,222108,34382,22948,11672,27327,66977107,28,6
FRA,2021-02-07,171,19715,43392,11283,5195,6214,27652,66977107,29,7
FRA,2021-02-08,458,4317,427419,95687,46857,49319,27995,66977107,30,1
FRA,2021-02-09,722,18253,379367,144564,66051,79611,27634,66977107,31,2
FRA,2021-02-10,293,25087,345234,154621,71049,84871,27417,66977107,32,3
FRA,2021-02-11,359,20307,363107,193095,87309,107736,26963,66977107,33,4
FRA,2021-02-12,642,20044,402986,155462,79358,77851,26424,66977107,34,5
FRA,2021-02-13,198,20809,216169,41922,22391,19898,26196,66977107,35,6
FRA,2021-02-14,161,15713,42735,12405,5080,7453,26401,66977107,36,7
FRA,2021-02-15,412,4376,420240,114932,38132,77825,26478,66977107,37,1
FRA,2021-02-16,582,19374,360981,150097,50420,101031,26195,66977107,38,2
FRA,2021-02-17,306,24507,338339,157534,50561,108405,25929,66977107,39,3
FRA,2021-02-18,270,21402,362563,193612,69814,125848,25717,66977107,40,4
FRA,2021-02-19,567,24105,404667,157431,65093,94228,25506,66977107,41,5
FRA,2021-02-20,151,21425,215437,47145,18602,28914,25269,66977107,42,6
FRA,2021-02-21,159,21619,43514,9373,3335,6143,25464,66977107,43,7
FRA,2021-02-22,333,4646,407020,110670,37512,74173,25831,66977107,44,1
FRA,2021-02-23,425,19299,344238,139131,53802,86852,25660,66977107,45,2
FRA,2021-02-24,274,31230,328903,142999,60039,84541,25614,66977107,46,3
FRA,2021-02-25,257,24549,344497,191812,100614,94197,25317,66977107,47,4
FRA,2021-02-26,535,24984,389933,184244,113492,73903,25130,66977107,48,5
FRA,2021-02-27,182,23440,206576,74572,52131,23686,24989,66977107,49,6
FRA,2021-02-28,122,19952,44432,10315,6209,4302,25280,66977107,50,7
FRA,2021-03-01,367,3964,404315,120022,65946,55949,25430,66977107,51,1
FRA,2021-03-02,417,22857,337572,168602,101417,70229,25263,66977107,52,2
FRA,2021-03-03,315,26079,320391,182051,116567,69179,25111,66977107,53,3
FRA,2021-03-04,293,25279,345156,236316,163664,78223,24891,66977107,54,4
FRA,2021-03-05,424,22967,395898,263667,200962,69436,24765,66977107,55,5
FRA,2021-03-06,162,22610,214051,225476,207995,22781,24625,66977107,56,6
FRA,2021-03-07,130,21825,46258,125257,121293,7258,24818,66977107,57,7
FRA,2021-03-08,356,5327,427806,156724,107180,53032,25195,66977107,58,1
FRA,2021-03-09,367,23029,370639,228517,172489,61527,25201,66977107,59,2
FRA,2021-03-10,331,29627,346195,236110,179044,62737,24969,66977107,60,3
FRA,2021-03-11,253,27166,410642,306980,242934,72141,24858,66977107,61,4
FRA,2021-03-12,223,25038,464670,348237,294876,62818,24749,66977107,62,5
FRA,2021-03-13,169,29650,245111,246709,231445,21242,24671,66977107,63,6
FRA,2021-03-14,140,25925,54646,66398,63365,5068,24989,66977107,64,7
FRA,2021-03-15,325,6241,495248,190187,158701,36140,25469,66977107,65,1
FRA,2021-03-16,408,30002,449048,180419,141599,42967,25492,66977107,66,2
FRA,2021-03-17,225,37638,404824,188104,150519,42350,25314,66977107,67,3
FRA,2021-03-18,263,34954,483568,212199,167873,49888,25389,66977107,68,4
FRA,2021-03-19,285,35026,545440,266805,230057,44106,25339,66977107,69,5
FRA,2021-03-20,167,35305,283043,178106,166721,16009,25537,66977107,70,6
FRA,2021-03-21,137,29984,59756,52089,49960,3887,25926,66977107,71,7
FRA,2021-03-22,343,15792,581698,203619,170085,39038,26488,66977107,72,1
FRA,2021-03-23,287,14678,535814,292805,250442,50210,26756,66977107,73,2
FRA,2021-03-24,227,64225,483459,300549,256953,51699,26876,66977107,74,3
FRA,2021-03-25,225,45641,571008,387174,341877,56293,27036,66977107,75,4
FRA,2021-03-26,895,41629,635195,400646,358851,53547,27242,66977107,76,5
FRA,2021-03-27,190,42619,347584,212252,195297,23398,27259,66977107,77,6
FRA,2021-03-28,124,36182,63392,63951,59361,6652,27712,66977107,78,7
FRA,2021-03-29,360,9094,687708,256421,203028,60154,28322,66977107,79,1
FRA,2021-03-30,381,30702,656543,355596,285550,80456,28510,66977107,80,2
FRA,2021-03-31,283,57911,570741,337149,263083,84734,28463,66977107,81,3
FRA,2021-04-01,304,50449,660550,408425,315587,106413,28581,66977107,82,4
FRA,2021-04-02,327,46807,670830,376210,281385,106651,28729,66977107,83,5
FRA,2021-04-04,185,80629,66141,65576,46552,21077,29356,66977107,85,7
FRA,2021-04-05,197,10961,103084,73786,63373,13059,29907,66977107,86,1
FRA,2021-04-06,429,8045,630775,330450,217276,122028,30639,66977107,87,2
FRA,2021-04-07,408,0,478323,375634,260325,126648,30904,66977107,88,3
FRA,2021-04-08,342,96842,469819,461164,337917,138865,30555,66977107,89,4
FRA,2021-04-09,324,0,510130,527178,410245,134295,30326,66977107,90,5
FRA,2021-04-10,196,0,296372,295559,212666,91272,30238,66977107,91,6
FRA,2021-04-11,176,117900,59433,90348,56162,36705,30671,66977107,92,7
FRA,2021-04-12,385,8536,480431,353007,237130,125444,31262,66977107,93,1
FRA,2021-04-13,333,38133,391923,453807,309558,157113,31226,66977107,94,2
FRA,2021-04-14,297,43348,370640,434691,294609,153247,30868,66977107,95,3
FRA,2021-04-15,294,37894,376487,488102,337206,166100,30668,66977107,96,4
FRA,2021-04-16,331,36333,418046,486758,339362,161701,30472,66977107,97,5
FRA,2021-04-17,189,35779,248763,278781,188689,97683,30329,66977107,98,6
FRA,2021-04-18,128,27734,52391,87152,51645,37881,30789,66977107,99,7
FRA,2021-04-19,447,6696,419082,344513,205752,147464,31214,66977107,100,1
FRA,2021-04-20,387,44003,344082,427118,254497,183713,31086,66977107,101,2
FRA,2021-04-21,306,33823,326893,424432,253347,182271,30954,66977107,102,3
FRA,2021-04-22,283,33400,331505,478924,287635,205065,30634,66977107,103,4
FRA,2021-04-23,332,32056,378481,483180,297684,203508,30438,66977107,104,5
FRA,2021-04-24,216,32485,224197,302794,190483,122514,30100,66977107,105,6
FRA,2021-04-25,144,24332,49381,108491,69580,42590,30287,66977107,106,7
FRA,2021-04-26,377,4376,407852,380279,221007,171909,30596,66977107,107,1
FRA,2021-04-27,340,29232,360423,473671,284658,211387,30281,66977107,108,2
FRA,2021-04-28,312,31202,315731,485761,299598,209816,29911,66977107,109,3
FRA,2021-04-29,306,26443,387504,556837,357220,233421,29487,66977107,110,4
FRA,2021-04-30,290,24134,471204,559552,372271,225495,28930,66977107,111,5
FRA,2021-05-01,192,25491,69603,220397,167680,63784,28603,66977107,112,6
FRA,2021-05-02,86,8237,58253,129723,91771,43598,28818,66977107,113,7
FRA,2021-05-03,311,3760,474036,454924,288988,185618,28950,66977107,114,1
FRA,2021-05-04,254,24217,406225,542643,315761,251818,28427,66977107,115,2
FRA,2021-05-05,242,24745,354706,555331,327323,251771,27686,66977107,116,3
FRA,2021-05-06,219,21476,444800,622593,379658,275547,26985,66977107,117,4
FRA,2021-05-07,251,18976,509189,632987,372838,299980,26331,66977107,118,5
FRA,2021-05-08,160,19459,87163,294023,222192,86740,25800,66977107,119,6
FRA,2021-05-09,115,9128,58015,174463,129735,53123,25797,66977107,120,7
FRA,2021-05-10,292,3292,522370,544416,313436,255522,25666,66977107,121,1
FRA,2021-05-11,249,19513,481656,664011,403988,296884,25028,66977107,122,2
FRA,2021-05-12,164,20030,450180,669674,434234,270184,24254,66977107,123,3
FRA,2021-05-13,131,19461,78688,395509,338644,77926,23656,66977107,124,4
FRA,2021-05-14,171,6469,453277,622826,454194,203114,23406,66977107,125,5
FRA,2021-05-15,112,15653,227795,469872,375023,120802,22950,66977107,126,6
FRA,2021-05-16,81,13948,54217,223642,202779,34096,22963,66977107,127,7
FRA,2021-05-17,196,3350,474026,526607,376171,178671,22749,66977107,128,1
FRA,2021-05-18,215,16001,437795,616382,460233,193311,22058,66977107,129,2
FRA,2021-05-19,134,18128,388260,612528,467483,179842,21347,66977107,130,3
FRA,2021-05-21,123,12533,454447,667000,489737,221811,20209,66977107,132,5
FRA,2021-05-22,87,12383,245341,428152,347231,108682,19765,66977107,133,6
FRA,2021-05-23,57,8976,52627,176177,161720,26680,19720,66977107,134,7
FRA,2021-05-24,62,2229,97009,296937,263223,52945,19701,66977107,135,1
FRA,2021-05-25,220,2834,485777,593141,400322,227030,19430,66977107,136,2
FRA,2021-05-26,130,11240,357410,607059,413524,229357,18593,66977107,137,3
FRA,2021-05-27,142,13933,408410,672171,449888,267258,17941,66977107,138,4
FRA,2021-05-28,123,10831,447100,692666,429618,319254,17272,66977107,139,5
FRA,2021-05-29,68,11372,229642,450132,299010,183390,16847,66977107,140,6
FRA,2021-05-30,42,7994,51303,139824,107156,42087,16775,66977107,141,7
FRA,2021-05-31,124,1211,400390,563056,358084,241779,16596,66977107,142,1
FRA,2021-06-01,134,9575,348736,684432,431169,302938,16088,66977107,143,2
FRA,2021-06-02,79,0,314639,654989,420196,280195,15638,66977107,144,3
FRA,2021-06-03,69,15393,367296,725322,465724,312546,15283,66977107,145,4
FRA,2021-06-04,87,6770,419882,763958,456313,363322,14801,66977107,146,5
FRA,2021-06-05,57,6654,212745,495067,304842,222796,14532,66977107,147,6
FRA,2021-06-06,18,4755,46099,182591,133344,61159,14525,66977107,148,7
FRA,2021-06-07,64,973,375588,603073,340029,298606,14323,66977107,149,1
FRA,2021-06-08,70,5800,328184,687198,393974,338283,13984,66977107,150,2
FRA,2021-06-09,53,4239,280761,660481,384977,318165,13526,66977107,151,3
FRA,2021-06-10,67,4276,342150,692264,404264,335721,13090,66977107,152,4
FRA,2021-06-11,74,3871,381951,744741,386737,406981,12712,66977107,153,5
FRA,2021-06-12,31,3740,198741,494792,283301,243140,12496,66977107,154,6
FRA,2021-06-13,6,2605,46654,178953,104907,84835,12480,66977107,155,7
FRA,2021-06-14,63,684,341454,596351,240894,383225,12374,66977107,156,1
FRA,2021-06-15,77,2953,283885,694150,308241,423111,11895,66977107,157,2
FRA,2021-06-16,36,1690,251023,673058,314028,395376,11519,66977107,158,3
FRA,2021-06-17,56,1851,319346,692347,317745,414367,11114,66977107,159,4
FRA,2021-06-18,67,3170,387036,765722,321786,486000,10738,66977107,160,5
FRA,2021-06-19,22,2624,204956,498843,224368,301219,10531,66977107,161,6
FRA,2021-06-20,14,1815,50024,176876,74459,111479,10518,66977107,162,7
FRA,2021-06-22,50,2007,257688,692358,223250,500506,10046,66977107,164,2
FRA,2021-06-23,27,1094,233120,675443,234087,474268,9771,66977107,165,3
FRA,2021-06-24,44,2007,291286,653051,241909,447277,9392,66977107,166,4
FRA,2021-06-25,33,1742,354772,752169,227678,562088,9190,66977107,167,5
FRA,2021-06-26,12,2128,208637,524986,153296,395907,9024,66977107,168,6
FRA,2021-06-27,17,1578,52476,212036,55925,164851,8986,66977107,169,7
FRA,2021-06-28,44,256,320570,608521,154813,478128,8846,66977107,170,1
FRA,2021-06-29,33,2083,263461,692741,182754,539234,8627,66977107,171,2
FRA,2021-06-30,23,1279,268619,691350,204047,519529,8451,66977107,172,3
FRA,2021-07-01,29,2664,324362,692280,231467,498518,8232,66977107,173,4
FRA,2021-07-02,23,2470,397576,750857,228706,562334,8044,66977107,174,5
FRA,2021-07-03,17,3006,268347,511729,142060,395245,7912,66977107,175,6
FRA,2021-07-04,9,2549,67444,198037,56765,150696,7913,66977107,176,7
FRA,2021-07-05,31,439,374362,588871,168555,448583,7806,66977107,177,1
FRA,2021-07-06,27,2323,294415,673216,196812,511119,7637,66977107,178,2
FRA,2021-07-07,22,3802,309706,654130,213258,477426,7539,66977107,179,3
FRA,2021-07-08,25,4442,358927,657929,231680,468068,7384,66977107,180,4
FRA,2021-07-09,16,4377,464997,741902,228644,557353,7275,66977107,181,5
FRA,2021-07-10,19,4696,344417,489553,148640,368867,7183,66977107,182,6
FRA,2021-07-11,4,4256,90473,170549,60217,120957,7183,66977107,183,7
FRA,2021-07-12,23,617,393084,648911,169444,512423,7137,66977107,184,1
FRA,2021-07-13,50,6810,405806,815973,287312,585623,7076,66977107,185,2
FRA,2021-07-15,14,10781,444275,850826,347131,571553,7054,66977107,187,4
FRA,2021-07-16,22,10908,492285,877102,380125,574119,6971,66977107,188,5
FRA,2021-07-17,16,10949,368039,580266,259757,368585,6922,66977107,189,6
FRA,2021-07-18,5,12532,100578,224621,109747,132999,6936,66977107,190,7
FRA,2021-07-19,12,1690,443022,711033,285528,478874,7041,66977107,191,1
FRA,2021-07-20,29,17989,418215,829871,376946,523530,6912,66977107,192,2
FRA,2021-07-21,10,20081,514919,804220,395847,481800,6869,66977107,193,3
FRA,2021-07-22,11,21909,497572,830112,441094,471766,6832,66977107,194,4
FRA,2021-07-23,36,19270,725373,864191,440353,509907,6802,66977107,195,5
FRA,2021-07-24,22,25624,566319,555379,285264,321989,6787,66977107,196,6
FRA,2021-07-25,6,15242,142941,201283,121130,100272,6843,66977107,197,7
FRA,2021-07-26,37,2602,631045,671197,347455,384677,7079,66977107,198,1
FRA,2021-07-27,25,26871,531490,785082,464124,400403,7137,66977107,199,2
FRA,2021-07-28,33,25037,537463,750493,459485,366978,7208,66977107,200,3
FRA,2021-07-29,23,25054,605083,767766,489869,356963,7236,66977107,201,4
FRA,2021-07-30,62,24199,842568,766134,461863,380803,7363,66977107,202,5
FRA,2021-07-31,43,23471,622342,471363,285426,231505,7409,66977107,203,6
FRA,2021-08-01,18,19600,158751,162220,112056,65685,7581,66977107,204,7
FRA,2021-08-02,23,0,670228,577309,341681,284711,7840,66977107,205,1
FRA,2021-08-03,44,20665,550975,644802,398648,304491,7974,66977107,206,2
FRA,2021-08-04,31,27436,550362,595996,384887,265628,8134,66977107,207,3
FRA,2021-08-05,52,26445,599875,596260,366208,281715,8210,66977107,208,4
FRA,2021-08-06,53,24019,812156,632808,359762,326583,8368,66977107,209,5
FRA,2021-08-07,32,25755,623723,392228,213153,210039,8425,66977107,210,6
FRA,2021-08-08,28,20450,181539,137677,74213,73621,8685,66977107,211,7
FRA,2021-08-09,61,3299,944994,518896,258780,297472,9022,66977107,212,1
FRA,2021-08-10,49,21211,823024,585600,306900,323418,9153,66977107,213,2
FRA,2021-08-11,42,27512,774140,540751,279770,301601,9233,66977107,214,3
FRA,2021-08-12,76,28391,863183,551244,271575,320250,9465,66977107,215,4
FRA,2021-08-13,89,26238,1002854,531895,252181,316947,9546,66977107,216,5
FRA,2021-08-14,53,24427,840204,343164,145366,218979,9648,66977107,217,6
FRA,2021-08-15,44,21172,197594,89710,39403,55668,9798,66977107,218,7
FRA,2021-08-16,25,5593,975290,505201,186198,345378,10151,66977107,219,1
FRA,2021-08-17,83,12723,820966,553156,215721,368821,10219,66977107,220,2
FRA,2021-08-18,102,27631,753752,525057,199083,354528,10336,66977107,221,3
FRA,2021-08-19,129,23950,856157,519088,192053,355946,10392,66977107,222,4
FRA,2021-08-20,51,20503,1064544,554493,186495,396598,10515,66977107,223,5
FRA,2021-08-21,129,22636,769386,343656,104816,254561,10463,66977107,224,6
FRA,2021-08-22,115,17300,182269,119417,31950,92162,10651,66977107,225,7
FRA,2021-08-23,62,1823,896723,499566,141003,379588,11007,66977107,226,1
FRA,2021-08-24,115,24445,737953,540947,162524,402814,11066,66977107,227,2
FRA,2021-08-25,68,20857,674126,503918,151165,375393,11171,66977107,228,3
FRA,2021-08-26,121,19404,756367,488246,142899,367561,11104,66977107,229,4
FRA,2021-08-27,99,0,979144,539491,148458,414864,11162,66977107,230,5
FRA,2021-08-29,53,13630,170086,111201,27325,88273,11092,66977107,232,7
FRA,2021-08-30,37,0,823407,446716,117432,342387,11245,66977107,233,1
FRA,2021-08-31,130,0,643380,473488,128835,353926,11120,66977107,234,2
FRA,2021-09-01,81,30745,572240,444273,136169,302401,11119,66977107,235,3
FRA,2021-09-02,109,14153,618841,388401,114655,262098,10934,66977107,236,4
FRA,2021-09-03,28,12908,845869,440971,118331,309304,10816,66977107,237,5
FRA,2021-09-04,83,13336,658105,320289,89894,230487,10654,66977107,238,6
FRA,2021-09-05,49,10410,140326,70560,21367,48279,10644,66977107,239,7
FRA,2021-09-06,117,2289,689352,288158,75702,190660,10757,66977107,240,1
FRA,2021-09-07,94,13802,550563,294790,80317,191036,10646,66977107,241,2
FRA,2021-09-08,0,0,518139,326796,91014,216567,10438,66977107,242,3
FRA,2021-09-09,90,17590,613616,275414,76986,174119,10323,66977107,243,4
FRA,2021-09-10,94,9898,836732,335643,96051,214897,10115,66977107,244,5
FRA,2021-09-11,46,9601,637366,248669,67169,178184,10018,66977107,245,6
FRA,2021-09-12,29,7679,137518,47708,12830,34139,10012,66977107,246,7
FRA,2021-09-13,67,1291,665625,232017,64581,134168,9986,66977107,247,1
FRA,2021-09-14,94,10327,549994,258985,73504,135745,9739,66977107,248,2
FRA,2021-09-15,0,0,497412,300132,76668,174677,9555,66977107,249,3
FRA,2021-09-16,31,12814,564482,238583,63898,117880,9297,66977107,250,4
FRA,2021-09-17,87,6935,792074,285884,75093,159726,9070,66977107,251,5
FRA,2021-09-18,42,7414,578078,203509,48244,144317,8912,66977107,252,6
FRA,2021-09-19,28,5814,120099,33997,7908,24875,8887,66977107,253,7
FRA,2021-09-20,0,0,614066,188489,44580,96241,8845,66977107,254,1
FRA,2021-09-21,104,6648,508975,207134,45918,98384,8594,66977107,255,2
FRA,2021-09-22,51,6408,454373,246585,48711,144842,8414,66977107,256,3
FRA,2021-09-23,61,5835,532092,197863,43298,91269,8237,66977107,257,4
FRA,2021-09-24,53,5879,733914,240293,52324,132387,8107,66977107,258,5
FRA,2021-09-25,0,5216,532213,167205,35225,118647,7980,66977107,259,6
FRA,2021-09-26,14,4706,106537,25643,5561,18691,7994,66977107,260,7
FRA,2021-09-27,71,642,573435,158200,33988,78781,7980,66977107,261,1
FRA,2021-09-28,47,6617,486107,166844,36524,74326,7801,66977107,262,2
FRA,2021-09-29,36,4963,435906,198598,44426,102843,7726,66977107,263,3
FRA,2021-09-30,61,4848,528412,166473,36349,71482,7565,66977107,264,4
FRA,2021-10-01,47,4857,707402,222528,61720,101413,7410,66977107,265,5
FRA,2021-10-02,30,4948,528244,138938,39473,81737,7294,66977107,266,6
FRA,2021-10-03,9,3744,99482,18318,5290,11255,7308,66977107,267,7
FRA,2021-10-04,43,536,512770,146431,35208,59500,7299,66977107,268,1
FRA,2021-10-05,40,4384,456622,159486,33937,62111,7096,66977107,269,2
FRA,2021-10-06,19,3609,403399,187916,42728,80184,7038,66977107,270,3
FRA,2021-10-07,33,4893,472114,158396,30577,59498,6903,66977107,271,4
FRA,2021-10-08,38,4160,675199,219312,49486,89884,6805,66977107,272,5
FRA,2021-10-09,15,4734,513603,126212,33677,64141,6706,66977107,273,6
FRA,2021-10-10,8,3991,92319,15354,4722,7940,6737,66977107,274,7
FRA,2021-10-11,35,1120,507216,141778,30736,50603,6729,66977107,275,1
FRA,2021-10-12,52,5807,444941,156911,31651,51309,6629,66977107,276,2
FRA,2021-10-13,0,0,413783,177598,40168,62797,6601,66977107,277,3
FRA,2021-10-14,27,9220,807784,152132,30364,49694,6523,66977107,278,4
FRA,2021-10-15,34,5789,373257,213648,44961,70334,6470,66977107,279,5
FRA,2021-10-16,15,4899,283684,112161,31335,46700,6437,66977107,280,6
FRA,2021-10-17,5,3778,60691,12733,3898,5677,6448,66977107,281,7
FRA,2021-10-18,46,1057,390994,139215,29217,42559,6468,66977107,282,1
FRA,2021-10-19,14,5095,347374,149313,27196,43201,6483,66977107,283,2
FRA,2021-10-20,23,5791,314646,184891,35347,51808,6465,66977107,284,3
FRA,2021-10-21,37,6013,341960,155454,26169,41971,6453,66977107,285,4
FRA,2021-10-22,23,5611,436568,206065,38450,59354,6400,66977107,286,5
FRA,2021-10-23,23,6291,335678,113762,27034,42426,6348,66977107,287,6
FRA,2021-10-24,4,5005,64778,11402,2947,5014,6377,66977107,288,7
FRA,2021-10-25,43,1283,350749,144809,26110,35481,6405,66977107,289,1
FRA,2021-10-26,28,6040,292826,146212,23770,32158,6445,66977107,290,2
FRA,2021-10-27,33,6528,284137,185705,30116,44036,6489,66977107,291,3
FRA,2021-10-28,28,5899,287491,147436,23611,31193,6541,66977107,292,4
FRA,2021-10-29,17,6098,377080,200594,31590,46497,6534,66977107,293,5
FRA,2021-10-30,22,7360,331869,104251,20578,32918,6524,66977107,294,6
FRA,2021-10-31,12,6329,75151,9849,2519,3844,6572,66977107,295,7
FRA,2021-11-01,2,1627,85890,16640,8544,5020,6639,66977107,296,1
FRA,2021-11-02,87,2007,370383,160253,26387,36236,6680,66977107,297,2
FRA,2021-11-03,35,10050,281034,197192,30134,43556,6764,66977107,298,3
FRA,2021-11-04,39,8679,275655,169105,23824,31574,6718,66977107,299,4
FRA,2021-11-05,24,8779,367269,227273,32422,44651,6735,66977107,300,5
FRA,2021-11-06,25,9605,303285,121139,21554,32384,6667,66977107,301,6
FRA,2021-11-07,10,8547,64066,11798,2430,3999,6709,66977107,302,7
FRA,2021-11-08,42,1757,372119,185839,20634,30950,6865,66977107,303,1
FRA,2021-11-09,39,12039,329544,229179,22443,32853,6851,66977107,304,2
FRA,2021-11-10,33,10999,354449,274013,31621,44022,6906,66977107,305,3
FRA,2021-11-11,13,12450,86191,24521,4750,5906,6952,66977107,306,4
FRA,2021-11-12,48,3761,481374,268244,29104,41712,7046,66977107,307,5
FRA,2021-11-13,16,14646,331507,133802,20357,28226,7050,66977107,308,6
FRA,2021-11-14,17,12496,68200,13411,2367,3362,7111,66977107,309,7
FRA,2021-11-15,71,2978,459013,220297,20525,27780,7361,66977107,310,1
FRA,2021-11-16,47,19778,433517,268384,23675,27699,7535,66977107,311,2
FRA,2021-11-17,56,20215,405954,281096,30545,36446,7663,66977107,312,3
FRA,2021-11-18,49,18908,445069,261365,23460,29388,7787,66977107,313,4
FRA,2021-11-19,47,20695,569305,338806,33696,39903,7940,66977107,314,5
FRA,2021-11-20,23,22678,422427,164487,25426,29267,7974,66977107,315,6
FRA,2021-11-21,15,19749,79452,16812,2666,3443,8038,66977107,316,7
FRA,2021-11-22,95,4818,615117,236842,22824,18909,8338,66977107,317,1
FRA,2021-11-23,83,30395,600805,301240,25738,24111,8525,66977107,318,2
FRA,2021-11-24,79,30396,589266,311038,31823,34472,8765,66977107,319,3
FRA,2021-11-25,67,33329,660477,331557,25654,25046,8981,66977107,320,4
FRA,2021-11-26,60,34294,770498,488357,33256,37393,9181,66977107,321,5
FRA,2021-11-27,32,37057,547020,288429,23508,28438,9271,66977107,322,6
FRA,2021-11-28,21,31581,113164,70822,3528,4057,9381,66977107,323,7
FRA,2021-11-29,122,8279,853036,415948,19449,23088,9860,66977107,324,1
FRA,2021-11-30,111,44882,812198,555066,24789,26790,10249,66977107,325,2
FRA,2021-12-01,91,49408,794169,573205,27401,31306,10558,66977107,326,3
FRA,2021-12-02,102,48370,845706,622131,22133,20993,10790,66977107,327,4
FRA,2021-12-03,121,49572,920608,716300,25582,34320,11103,66977107,328,5
FRA,2021-12-04,48,51464,707585,415632,18342,25659,11340,66977107,329,6
FRA,2021-12-05,27,42153,156009,116218,4158,4852,11526,66977107,330,7
FRA,2021-12-06,192,11278,1024612,595580,28452,25213,12096,66977107,331,1
FRA,2021-12-07,164,56241,909763,762118,23569,28502,12714,66977107,332,2
FRA,2021-12-08,132,61176,877126,711171,25527,34931,13044,66977107,333,3
FRA,2021-12-09,127,56649,915084,783660,24087,28950,13363,66977107,334,4
FRA,2021-12-10,145,54925,956616,877206,28079,37923,13629,66977107,335,5
FRA,2021-12-11,67,53919,733917,532545,20255,29937,13855,66977107,336,6
FRA,2021-12-12,48,43848,178044,171413,5685,6383,14050,66977107,337,7
FRA,2021-12-13,235,11465,1079281,701597,21372,29628,14527,66977107,338,1
FRA,2021-12-14,156,59990,929159,914678,27991,35393,14819,66977107,339,2
FRA,2021-12-15,147,65427,926097,839387,28458,39482,15062,66977107,340,3
FRA,2021-12-16,172,60556,956920,910451,28058,35072,15142,66977107,341,4
FRA,2021-12-17,160,57987,1028546,970640,31665,43319,15410,66977107,342,5
FRA,2021-12-18,85,58536,807559,577659,24945,30036,15370,66977107,343,6
FRA,2021-12-19,75,48473,209783,207100,8771,7832,15528,66977107,344,7
FRA,2021-12-20,216,14871,1011572,722216,31785,33807,15918,66977107,345,1
FRA,2021-12-21,227,72580,979788,836284,39484,38745,16076,66977107,346,2
FRA,2021-12-22,169,84094,1152207,716751,39566,37074,16118,66977107,347,3
FRA,2021-12-23,165,86555,1515618,555879,33794,30087,16060,66977107,348,4
FRA,2021-12-24,167,94124,1347404,148170,10701,11636,16173,66977107,349,5
FRA,2021-12-25,84,104611,182190,11973,780,2047,16162,66977107,350,6
FRA,2021-12-26,96,27697,262871,68845,4699,4735,16365,66977107,351,7
FRA,2021-12-27,245,29614,1315367,569411,30510,33013,16921,66977107,352,1
FRA,2021-12-28,294,179316,1234767,703168,38369,35081,17405,66977107,353,2
FRA,2021-12-29,173,202293,1329908,630995,39882,33081,17856,66977107,354,3
FRA,2021-12-30,180,206243,1599067,533577,35928,29500,18321,66977107,355,4
FRA,2021-12-31,189,232200,1605150,154427,12053,11263,18715,66977107,356,5
FRA,2022-01-01,110,219126,196469,13384,1597,1808,18811,66977107,357,6
FRA,2022-01-02,91,58432,375601,77708,6131,5109,19043,66977107,358,7
FRA,2022-01-03,270,67461,1928879,626394,39751,36875,19606,66977107,359,1
FRA,2022-01-04,342,264184,1683652,797081,42316,40642,20186,66977107,360,2
FRA,2022-01-05,236,322894,1712872,736074,61226,43793,20688,66977107,361,3
FRA,2022-01-06,204,258787,1910421,796394,44321,40216,21169,66977107,362,4
FRA,2022-01-07,186,323143,1816239,888015,50847,46837,21605,66977107,363,5
FRA,2022-01-08,142,303669,1281584,550337,45015,35043,21721,66977107,364,6
FRA,2022-01-09,90,296097,445598,171090,15614,11481,21982,66977107,365,7
FRA,2022-01-10,279,87577,2222575,599892,35425,43021,22749,66977107,366,1
FRA,2022-01-11,339,359550,1634690,693052,41956,42393,23371,66977107,367,2
