iso_alpha_3,date,deaths,confirmed,tests,vaccines,people_vaccinated,people_fully_vaccinated,hosp,population
GBR,2021-01-10,104705,3072349,57758071,2677971,2286572,391399,34906,66460344
GBR,2021-01-11,105949,3118518,58313273,2843815,2431648,412167,36276,66460344
GBR,2021-01-12,107269,3164051,58909286,3067541,2639309,428232,36509,66460344
GBR,2021-01-13,108578,3211576,59553073,3356229,2918252,437977,37031,66460344
GBR,2021-01-14,109919,3260258,60254987,3678180,3234946,443234,37236,66460344
GBR,2021-01-15,111243,3316019,60859556,4023705,3576263,447442,37688,66460344
GBR,2021-01-16,112662,3357361,61360632,4322456,3872394,450062,37261,66460344
GBR,2021-01-17,114023,3395959,61785337,4514802,4062501,452301,37721,66460344
GBR,2021-01-18,115424,3433494,62375880,4723443,4266577,456866,38824,66460344
GBR,2021-01-19,116914,3466849,62977839,5070365,4609740,460625,38436,66460344
GBR,2021-01-20,118297,3505754,63644294,5437284,4973248,464036,38335,66460344
GBR,2021-01-21,119647,3543646,64320258,5849899,5383103,466796,37646,66460344
GBR,2021-01-22,120982,3583907,64969876,6329968,5861351,468617,37842,66460344
GBR,2021-01-23,122270,3617459,65455903,6822981,6353321,469660,36985,66460344
GBR,2021-01-24,123509,3647463,65874634,7044048,6573570,470478,37317,66460344
GBR,2021-01-25,124772,3669658,66443979,7325773,6853327,472446,37352,66460344
GBR,2021-01-26,125945,3689746,67061839,7638543,7164387,474156,36712,66460344
GBR,2021-01-27,127177,3715054,67848284,7953250,7476765,476485,35147,66460344
GBR,2021-01-28,128401,3743734,68624404,8369438,7891184,478254,34549,66460344
GBR,2021-01-29,129561,3772813,69303722,8859372,8378940,480432,33503,66460344
GBR,2021-01-30,130587,3796088,69749894,9468382,8977329,491053,32676,66460344
GBR,2021-01-31,131582,3817176,70354346,9790576,9296367,494209,32246,66460344
GBR,2021-02-01,132589,3835783,71033298,10143511,9646715,496796,32641,66460344
GBR,2021-02-02,133552,3852623,71666336,10520433,10021471,498962,31467,66460344
GBR,2021-02-03,134528,3871825,72484464,10992444,10490487,501957,30314,66460344
GBR,2021-02-04,135354,3892459,73295450,11477040,10971047,505993,29145,66460344
GBR,2021-02-05,136228,3911573,73990145,11975267,11465210,510057,28129,66460344
GBR,2021-02-06,137015,3929835,74456907,12526737,12015018,511719,26669,66460344
GBR,2021-02-07,137768,3945680,75059261,12806587,12294006,512581,26553,66460344
GBR,2021-02-08,138549,3959784,75716707,13162878,12646486,516392,26515,66460344
GBR,2021-02-09,139272,3972148,76323568,13577851,13058298,519553,25464,66460344
GBR,2021-02-10,139984,3985161,77111270,14033555,13509108,524447,24203,66460344
GBR,2021-02-11,140660,3998655,77881912,14542318,14012224,530094,23201,66460344
GBR,2021-02-12,141296,4013799,78526532,15091696,14556827,534869,22129,66460344
GBR,2021-02-13,141882,4027106,78943363,15599904,15062189,537715,20779,66460344
GBR,2021-02-14,142487,4038078,79352538,15839781,15300151,539630,20861,66460344
GBR,2021-02-15,143102,4047843,79840356,16122272,15576107,546165,20805,66460344
GBR,2021-02-16,143670,4058468,80356615,16499549,15940972,558577,20038,66460344
GBR,2021-02-17,144176,4071185,80948949,16996806,16423082,573724,19277,66460344
GBR,2021-02-18,144697,4083242,81526214,17465127,16875536,589591,18357,66460344
GBR,2021-02-19,145166,4095269,82065560,17852327,17247442,604885,17705,66460344
GBR,2021-02-20,145618,4105675,82479644,18197269,17582121,615148,16888,66460344
GBR,2021-02-21,146029,4115509,83079402,18348165,17723840,624325,16706,66460344
GBR,2021-02-22,146408,4126150,83791150,18558969,17916181,642788,16711,66460344
GBR,2021-02-23,146789,4134639,84417131,18911978,18242873,669105,15951,66460344
GBR,2021-02-24,147156,4144577,85175463,19392553,18691835,700718,15400,66460344
GBR,2021-02-25,147511,4154562,85943850,19913592,19177555,736037,14715,66460344
GBR,2021-02-26,147815,4163085,86572725,20450858,19682048,768810,13952,66460344
GBR,2021-02-27,148123,4170519,86964949,20885683,20089551,796132,13141,66460344
GBR,2021-02-28,148404,4176554,87511366,21091267,20275451,815816,12666,66460344
GBR,2021-03-01,148701,4182009,88286409,21322717,20478619,844098,12765,66460344
GBR,2021-03-02,148945,4188400,89018557,21599027,20703615,895412,12023,66460344
GBR,2021-03-03,149163,4194785,89906380,21946433,20982571,963862,11420,66460344
GBR,2021-03-04,149397,4201358,90951382,22392883,21358815,1034068,10836,66460344
GBR,2021-03-05,149619,4207304,91959187,22887118,21796278,1090840,10221,66460344
GBR,2021-03-06,149829,4213343,92441544,23335514,22213112,1122402,9621,66460344
GBR,2021-03-07,150026,4218520,93266640,23519898,22377255,1142643,9367,66460344
GBR,2021-03-08,150223,4223232,94883781,23773959,22592528,1181431,9379,66460344
GBR,2021-03-09,150408,4228998,96375289,24064182,22809829,1254353,8912,66460344
GBR,2021-03-10,150571,4234924,98036818,24405231,23053716,1351515,8355,66460344
GBR,2021-03-11,150744,4241677,99769436,24759603,23314525,1445078,7982,66460344
GBR,2021-03-12,150879,4248286,101289204,25216857,23684103,1532754,7646,66460344
GBR,2021-03-13,151014,4253820,101760406,25781120,24196211,1584909,7302,66460344
GBR,2021-03-14,151152,4258438,102752026,26063501,24453221,1610280,7235,66460344
GBR,2021-03-15,151291,4263527,104442573,26503552,24839906,1663646,7125,66460344
GBR,2021-03-16,151405,4268821,105874402,27032671,25273226,1759445,6765,66460344
GBR,2021-03-17,151532,4274579,107606112,27614526,25735472,1879054,6498,66460344
GBR,2021-03-18,151632,4280882,109175914,28274802,26263732,2011070,6061,66460344
GBR,2021-03-19,151736,4285684,110197059,29015457,26878662,2136795,5793,66460344
GBR,2021-03-20,151837,4291271,110697725,29859742,27630970,2228772,5480,66460344
GBR,2021-03-21,151964,4296583,112615651,30279360,27997976,2281384,5367,66460344
GBR,2021-03-22,152072,4301925,113952499,30691557,28327873,2363684,5359,66460344
GBR,2021-03-23,152167,4307304,114867107,31186362,28653523,2532839,5079,66460344
GBR,2021-03-24,152237,4312908,116725082,31766669,28991188,2775481,4806,66460344
GBR,2021-03-25,152316,4319128,118161052,32325993,29316130,3009863,4520,66460344
GBR,2021-03-26,152391,4325315,118917709,33020952,29727435,3293517,4423,66460344
GBR,2021-03-27,152456,4329180,119417100,33684114,30151736,3532378,4374,66460344
GBR,2021-03-28,152506,4333042,121085478,34125256,30445284,3679972,4121,66460344
GBR,2021-03-29,152577,4337696,122113844,34530295,30682093,3848202,4139,66460344
GBR,2021-03-30,152633,4341736,122847913,35033894,30908010,4125884,3925,66460344
GBR,2021-03-31,152707,4345788,124168024,35660902,31147444,4513458,3688,66460344
GBR,2021-04-01,152770,4350266,125241954,36277136,31318262,4958874,3503,66460344
GBR,2021-04-02,152820,4353668,125857569,36631187,31425682,5205505,3325,66460344
GBR,2021-04-03,152862,4357091,126298789,36917986,31533568,5384418,3201,66460344
GBR,2021-04-04,152915,4359388,127143632,37013749,31581623,5432126,3185,66460344
GBR,2021-04-05,152960,4362150,128020500,37119083,31622367,5496716,3214,66460344
GBR,2021-04-06,153005,4364529,128733853,37391103,31707594,5683509,3103,66460344
GBR,2021-04-07,153051,4367291,129817290,37899029,31807124,6091905,2975,66460344
GBR,2021-04-08,153113,4370321,130866414,38444540,31903366,6541174,2826,66460344
GBR,2021-04-09,153151,4365461,131615654,39001554,32010244,6991310,2756,66460344
GBR,2021-04-10,153194,4368045,132134365,39587893,32121353,7466540,2618,66460344
GBR,2021-04-11,153235,4369775,133389406,39846781,32190576,7656205,2519,66460344
GBR,2021-04-12,153273,4373343,134418062,40107877,32250481,7857396,2464,66460344
GBR,2021-04-13,153320,4375814,135173949,40496685,32326604,8170081,2380,66460344
GBR,2021-04-14,153355,4378305,136381480,40958303,32444439,8513864,2268,66460344
GBR,2021-04-15,153398,4380976,137495709,41505768,32574221,8931547,2168,66460344
GBR,2021-04-16,153430,4383732,138256468,42140989,32709778,9431211,2112,66460344
GBR,2021-04-17,153473,4385938,138784858,42780069,32849223,9930846,2006,66460344
GBR,2021-04-18,153504,4387820,140500461,43084487,32932448,10152039,1951,66460344
GBR,2021-04-19,153527,4390783,141725669,43457910,33032120,10425790,1980,66460344
GBR,2021-04-20,153562,4393307,142550623,43915559,33139742,10775817,1898,66460344
GBR,2021-04-21,153598,4395703,143968121,44450252,33257651,11192601,1865,66460344
GBR,2021-04-22,153631,4398431,145230056,45012308,33388637,11623671,1763,66460344
GBR,2021-04-23,153660,4401109,146037957,45613109,33524423,12088686,1723,66460344
GBR,2021-04-24,153684,4403170,146573186,46309512,33673190,12636322,1651,66460344
GBR,2021-04-25,153711,4404882,148090881,46650008,33752885,12897123,1599,66460344
GBR,2021-04-26,153732,4406946,149313821,47045391,33843580,13201811,1620,66460344
GBR,2021-04-27,153757,4409631,150125011,47540984,33959908,13581076,1540,66460344
GBR,2021-04-28,153778,4411797,151534293,48138009,34094048,14043961,1486,66460344
GBR,2021-04-29,153795,4414242,152758980,48752144,34216616,14535528,1441,66460344
GBR,2021-04-30,153811,4416623,153505591,49319518,34362205,14957313,1344,66460344
GBR,2021-05-01,153827,4418530,154023885,49834997,34505380,15329617,1263,66460344
GBR,2021-05-02,153846,4420201,154893318,50097812,34595304,15502508,1263,66460344
GBR,2021-05-03,153863,4421850,156113388,50297911,34667904,15630007,1281,66460344
GBR,2021-05-04,153878,4423796,157118550,50682567,34795074,15887493,1275,66460344
GBR,2021-05-05,153900,4425940,158382105,51225890,34934171,16291719,1222,66460344
GBR,2021-05-06,153917,4428553,159596793,51834361,35069641,16764720,1143,66460344
GBR,2021-05-07,153935,4431043,160355794,52433184,35202642,17230542,1142,66460344
GBR,2021-05-08,153955,4433090,160881871,53041048,35371669,17669379,1120,66460344
GBR,2021-05-09,153966,4434860,162239626,53328845,35472295,17856550,1099,66460344
GBR,2021-05-10,153974,4437217,163366957,53675733,35587348,18088385,1112,66460344
GBR,2021-05-11,153995,4439691,164153497,54160993,35722461,18438532,1090,66460344
GBR,2021-05-12,154010,4441975,165381658,54797640,35906671,18890969,1052,66460344
GBR,2021-05-13,154025,4444631,164044851,55434965,36115955,19319010,990,66460344
GBR,2021-05-14,154039,4446824,164793133,56048435,36336023,19712412,966,66460344
GBR,2021-05-15,154054,4448851,165279086,56677012,36573354,20103658,956,66460344
GBR,2021-05-16,154068,4450777,166404289,56992075,36704672,20287403,932,66460344
GBR,2021-05-17,154081,4452756,167631507,57357857,36811405,20546452,934,66460344
GBR,2021-05-18,154092,4450392,168437414,57855958,36985505,20870453,888,66460344
GBR,2021-05-19,154096,4452527,169662774,58489834,37250363,21239471,908,66460344
GBR,2021-05-20,154103,4455221,170803291,59178397,37518614,21659783,903,66460344
GBR,2021-05-21,154121,4457923,171591491,59824737,37738271,22086466,913,66460344
GBR,2021-05-22,154125,4460446,172115712,60587098,37943681,22643417,879,66460344
GBR,2021-05-23,154141,4462538,173319169,60965594,38070038,22895556,916,66460344
GBR,2021-05-24,154157,4464900,174428620,61420928,38192417,23228511,955,66460344
GBR,2021-05-25,154168,4467310,175243483,61995062,38378564,23616498,917,66460344
GBR,2021-05-26,154182,4470297,176425028,62658639,38614683,24043956,890,66460344
GBR,2021-05-27,154190,4473677,177516404,63349252,38871200,24478052,867,66460344
GBR,2021-05-28,154204,4477705,178255960,63989645,39075642,24914003,879,66460344
GBR,2021-05-29,154216,4480945,178769847,64592019,39259168,25332851,879,66460344
GBR,2021-05-30,154225,4484056,179422001,64923228,39384055,25539173,901,66460344
GBR,2021-05-31,154236,4487339,180114463,65211877,39477158,25734719,923,66460344
GBR,2021-06-01,154246,4490438,180853524,65658949,39585665,26073284,923,66460344
GBR,2021-06-02,154258,4494699,181751684,66180731,39758428,26422303,957,66460344
GBR,2021-06-03,154274,4499878,182656997,66749638,39949694,26799944,933,66460344
GBR,2021-06-04,154288,4506018,183379830,67317593,40129618,27187975,961,66460344
GBR,2021-06-05,154295,4511669,183894668,67994584,40333231,27661353,933,66460344
GBR,2021-06-06,154308,4516892,185171138,68381870,40460576,27921294,960,66460344
GBR,2021-06-07,154314,4522476,186243675,68800879,40573517,28227362,1029,66460344
GBR,2021-06-08,154329,4528442,187033227,69251163,40710319,28540844,1052,66460344
GBR,2021-06-09,154346,4535754,188161733,69743980,40886878,28857102,1060,66460344
GBR,2021-06-10,154362,4542986,189244120,70253625,41088485,29165140,1092,66460344
GBR,2021-06-11,154375,4550944,190055831,70769348,41297016,29472332,1075,66460344
GBR,2021-06-12,154387,4558494,190615900,71343859,41551201,29792658,1103,66460344
GBR,2021-06-13,154399,4565813,191699496,71672208,41698429,29973779,1139,66460344
GBR,2021-06-14,154412,4573419,192777138,72040763,41831056,30209707,1180,66460344
GBR,2021-06-15,154433,4581006,193622784,72461462,42021089,30440373,1230,66460344
GBR,2021-06-16,154449,4589814,194774739,72891861,42216654,30675207,1255,66460344
GBR,2021-06-17,154458,4600623,195952860,73359099,42460632,30898467,1319,66460344
GBR,2021-06-18,154476,4610893,196804211,73787916,42683772,31104144,1361,66460344
GBR,2021-06-19,154496,4620968,197419673,74304520,42964013,31340507,1347,66460344
GBR,2021-06-20,154518,4630040,198603734,74577678,43127763,31449915,1381,66460344
GBR,2021-06-21,154531,4640507,199775423,74638083,43148843,31489240,1515,66460344
GBR,2021-06-22,154549,4651988,200664744,75188795,43448680,31740115,1536,66460344
GBR,2021-06-23,154558,4667870,201861237,75564430,43656327,31908103,1487,66460344
GBR,2021-06-24,154587,4684572,203071159,75963777,43877861,32085916,1508,66460344
GBR,2021-06-25,154609,4699868,203982757,76341044,44080358,32260686,1528,66460344
GBR,2021-06-26,154626,4717811,204629255,76774990,44314799,32460191,1535,66460344
GBR,2021-06-27,154650,4732434,205878320,77038257,44454511,32583746,1591,66460344
GBR,2021-06-28,154668,4755078,207125177,77303533,44581771,32721762,1729,66460344
GBR,2021-06-29,154692,4775301,208080102,77592212,44719762,32872450,1731,66460344
GBR,2021-06-30,154718,4800907,209380191,77909177,44860978,33048199,1805,66460344
GBR,2021-07-01,154746,4828463,210634196,78254768,45013503,33241265,1914,66460344
GBR,2021-07-02,154778,4855169,211577252,78555851,45137108,33418743,1982,66460344
GBR,2021-07-03,154809,4879616,212271637,78889449,45274497,33614952,2023,66460344
GBR,2021-07-04,154839,4903434,213589874,79078081,45351719,33726362,2138,66460344
GBR,2021-07-05,154868,4930534,214867442,79302857,45428681,33874176,2324,66460344
GBR,2021-07-06,154903,4958868,215907514,79541794,45514492,34027302,2447,66460344
GBR,2021-07-07,154939,4990916,217192774,79800224,45601445,34198779,2636,66460344
GBR,2021-07-08,154981,5022893,218430277,80072121,45697875,34374246,2722,66460344
GBR,2021-07-09,155034,5058093,219397305,80341023,45787958,34553065,2895,66460344
GBR,2021-07-10,155079,5089893,220175231,80646232,45881721,34764511,2985,66460344
GBR,2021-07-11,155115,5121245,221337725,80795852,45923721,34872131,3130,66460344
GBR,2021-07-12,155158,5155243,222537230,80975508,45978017,34997491,3399,66460344
GBR,2021-07-13,155208,5191459,223544147,81192857,46037090,35155767,3609,66460344
GBR,2021-07-14,155255,5233207,224805181,81438892,46097464,35341428,3787,66460344
GBR,2021-07-15,155309,5281098,226119011,81702466,46159145,35543321,3964,66460344
GBR,2021-07-16,155364,5332371,227151798,81974271,46228636,35745635,4081,66460344
GBR,2021-07-17,155424,5386340,227968523,82266702,46295853,35970849,4159,66460344
GBR,2021-07-18,155497,5433939,229056914,82413766,46314039,36099727,4273,66460344
GBR,2021-07-19,155585,5473477,230310971,82592996,46349709,36243287,4581,66460344
GBR,2021-07-20,155653,5519602,231255460,82793310,46388744,36404566,4667,66460344
GBR,2021-07-21,155714,5563006,232333011,83021749,46433845,36587904,4860,66460344
GBR,2021-07-22,155800,5602321,233466417,83254082,46477881,36776201,5033,66460344
GBR,2021-07-23,155883,5637975,234426238,83486397,46520855,36965542,5242,66460344
GBR,2021-07-24,155952,5669260,235217628,83734088,46564660,37169428,5306,66460344
GBR,2021-07-25,156025,5697912,236046348,83876595,46589211,37287384,5579,66460344
GBR,2021-07-26,156104,5722298,236937727,84055550,46619230,37436320,5942,66460344
GBR,2021-07-27,156181,5745526,237790004,84242602,46654632,37587970,6042,66460344
GBR,2021-07-28,156265,5770928,238732364,84457622,46698479,37759143,6068,66460344
GBR,2021-07-29,156353,5801561,239672864,84679893,46740832,37939061,5946,66460344
GBR,2021-07-30,156458,5830774,240554458,84887713,46777556,38110157,5981,66460344
GBR,2021-07-31,156550,5856528,241255511,85138553,46816382,38322171,5920,66460344
GBR,2021-08-01,156647,5880667,241958330,85277829,46837614,38440215,5937,66460344
GBR,2021-08-02,156739,5902354,242756549,85430113,46863706,38566407,6156,66460344
GBR,2021-08-03,156819,5923820,243549623,85602164,46892996,38709168,5943,66460344
GBR,2021-08-04,156911,5952756,244424880,85801167,46926330,38874837,5730,66460344
GBR,2021-08-05,157012,5982581,245308362,86009359,46961830,39047529,5681,66460344
GBR,2021-08-06,157110,6014023,246142244,86214691,46998806,39215885,5653,66460344
GBR,2021-08-07,157216,6042252,246824236,86466264,47036796,39429468,5590,66460344
GBR,2021-08-08,157300,6069362,247544035,86611177,47059639,39551538,5735,66460344
GBR,2021-08-09,157384,6094243,248340187,86780455,47091889,39688566,5885,66460344
GBR,2021-08-10,157469,6117540,249126834,86969109,47129400,39839709,5885,66460344
GBR,2021-08-11,157558,6146800,249998028,87184438,47170968,40013470,5869,66460344
GBR,2021-08-12,157664,6179506,250885774,87421381,47215352,40206029,5831,66460344
GBR,2021-08-13,157762,6211868,251755451,87633456,47255842,40377614,5860,66460344
GBR,2021-08-14,157866,6241011,252404699,87879643,47302445,40577198,5753,66460344
GBR,2021-08-15,157957,6267437,253080192,88037283,47333702,40703581,5908,66460344
GBR,2021-08-16,158046,6295613,253847169,88211389,47369418,40841971,6238,66460344
GBR,2021-08-17,158148,6322241,254616543,88401088,47413242,40987846,6263,66460344
GBR,2021-08-18,158259,6355887,255474654,88617595,47460526,41157069,6326,66460344
GBR,2021-08-19,158374,6392160,256363927,88848633,47516505,41332128,6366,66460344
GBR,2021-08-20,158501,6429147,257163628,89076910,47577390,41499520,6382,66460344
GBR,2021-08-21,158619,6460930,257816480,89344797,47650396,41694401,6401,66460344
GBR,2021-08-22,158748,6492906,258523307,89501494,47690741,41810753,6615,66460344
GBR,2021-08-23,158868,6524581,259333814,89679178,47737142,41942036,6894,66460344
GBR,2021-08-24,158986,6555200,260124171,89865264,47792552,42072712,6825,66460344
GBR,2021-08-25,159094,6590747,261091369,90095045,47860628,42234417,6860,66460344
GBR,2021-08-26,159219,6628709,262118600,90295121,47915768,42379353,6895,66460344
GBR,2021-08-27,159358,6666399,263056327,90471514,47960705,42510809,6948,66460344
GBR,2021-08-28,159492,6698486,263787584,90648473,48003976,42644497,6841,66460344
GBR,2021-08-29,159631,6731423,264526973,90752303,48028366,42723937,6962,66460344
GBR,2021-08-30,159740,6757650,265263969,90838594,48048009,42790585,7192,66460344
GBR,2021-08-31,159868,6789581,266245648,90997895,48087908,42909987,7532,66460344
GBR,2021-09-01,159993,6825074,267335603,91155368,48131996,43023372,7525,66460344
GBR,2021-09-02,160130,6862904,268628005,91314745,48171998,43142747,7464,66460344
GBR,2021-09-03,160282,6904969,269920226,91460601,48207264,43253337,7517,66460344
GBR,2021-09-04,160428,6941611,270727582,91630208,48248318,43381890,7401,66460344
GBR,2021-09-05,160592,6978126,271805895,91725196,48270113,43455083,7598,66460344
GBR,2021-09-06,160749,7018927,273312830,91827909,48292811,43535098,7888,66460344
GBR,2021-09-07,160915,7056106,274650038,91940381,48319435,43620946,7828,66460344
GBR,2021-09-08,161058,7094592,276053608,92053472,48344566,43708906,7985,66460344
GBR,2021-09-09,161238,7132072,277457293,92175948,48370340,43805608,8003,66460344
GBR,2021-09-10,161388,7168806,278668417,92293823,48396404,43897419,8176,66460344
GBR,2021-09-11,161533,7197662,279460705,92419795,48424317,43995478,8003,66460344
GBR,2021-09-12,161674,7226276,280577464,92487365,48439272,44048093,8109,66460344
GBR,2021-09-13,161793,7256559,281802924,92567446,48458700,44108746,8323,66460344
GBR,2021-09-14,161963,7282810,282783355,92651816,48476345,44175471,8243,66460344
GBR,2021-09-15,162132,7312683,283993251,92739508,48500747,44238761,8244,66460344
GBR,2021-09-16,162294,7339009,285159258,92826532,48523798,44302734,7969,66460344
GBR,2021-09-17,162478,7371301,286116735,92907694,48544576,44363118,7760,66460344
GBR,2021-09-18,162615,7400739,286842953,93006389,48570774,44435615,7546,66460344
GBR,2021-09-19,162752,7429746,288002034,93055386,48584614,44470772,7597,66460344
GBR,2021-09-20,162911,7465448,289178600,93121878,48604764,44517114,7655,66460344
GBR,2021-09-21,163050,7496543,290160217,93185668,48625148,44560520,7473,66460344
GBR,2021-09-22,163209,7530103,291164011,93252394,48647827,44604567,7267,66460344
GBR,2021-09-23,163358,7565867,292444021,93322065,48672910,44649155,7026,66460344
GBR,2021-09-24,163499,7601487,293415922,93394441,48700527,44693914,6776,66460344
GBR,2021-09-25,163627,7631233,294227597,93465855,48724823,44741032,6820,66460344
GBR,2021-09-26,163738,7664230,295388426,93507378,48740807,44766571,6685,66460344
GBR,2021-09-27,163865,7701715,296516865,93565474,48765726,44799748,6921,66460344
GBR,2021-09-28,163986,7736235,297451237,93630859,48797579,44833280,6903,66460344
GBR,2021-09-29,164128,7771294,298614617,93696491,48829118,44867373,6796,66460344
GBR,2021-09-30,164257,7807036,299779343,94633524,48863490,44901832,6641,66460344
GBR,2021-10-01,164396,7841625,300710541,94859905,48901670,44936121,6483,66460344
GBR,2021-10-02,164514,7871014,301423993,95119823,48932736,44970512,6335,66460344
GBR,2021-10-03,164621,7900680,302481057,95254996,48956859,44992044,6490,66460344
GBR,2021-10-04,164734,7934936,303541545,95445881,48994530,45021381,6683,66460344
GBR,2021-10-05,164869,7967985,304460986,95671900,49035877,45049953,6765,66460344
GBR,2021-10-06,164983,8006660,305587735,95895401,49068705,45078529,6746,66460344
GBR,2021-10-07,165116,8046390,306661886,96134715,49101734,45107185,6695,66460344
GBR,2021-10-08,165238,8081300,307635004,96369396,49133419,45136253,6692,66460344
GBR,2021-10-09,165359,8120713,308363743,96685077,49164814,45169730,6630,66460344
GBR,2021-10-10,165474,8154306,309364795,96820110,49186920,45189181,6793,66460344
GBR,2021-10-11,165612,8193769,310423078,96997450,49216092,45212813,6942,66460344
GBR,2021-10-12,165748,8231437,311366001,97224561,49252939,45239759,6957,66460344
GBR,2021-10-13,165885,8272883,312464505,97754591,49291665,45269240,6960,66460344
GBR,2021-10-14,166046,8317439,313565019,98065088,49335154,45297231,7014,66460344
GBR,2021-10-15,166186,8361651,314528425,98356171,49375917,45326663,7016,66460344
GBR,2021-10-16,166338,8404469,315282455,98724853,49404916,45360146,7048,66460344
GBR,2021-10-17,166479,8449165,316300455,98877987,49422753,45377411,7311,66460344
GBR,2021-10-18,166618,8497868,317346255,99119443,49462425,45400990,7684,66460344
GBR,2021-10-19,166761,8541192,318291416,99427187,49505327,45433757,7835,66460344
GBR,2021-10-20,166915,8589737,319444189,99759726,49554407,45460122,8084,66460344
GBR,2021-10-21,167080,8641221,320565882,100447478,49603139,45486950,8181,66460344
GBR,2021-10-22,167231,8689949,321527398,100818583,49649389,45513120,8172,66460344
GBR,2021-10-23,167403,8734934,322261299,101259347,49689481,45543363,8170,66460344
GBR,2021-10-24,167570,8773674,323081925,101473681,49715228,45561445,8332,66460344
GBR,2021-10-25,167719,8809774,324025418,101777928,49753037,45582891,8646,66460344
GBR,2021-10-26,167898,8853227,324886748,102106510,49794120,45605922,8761,66460344
GBR,2021-10-27,168075,8897149,325840111,102461683,49838202,45627499,8870,66460344
GBR,2021-10-28,168274,8936155,326797974,102827764,49882904,45651222,8944,66460344
GBR,2021-10-29,168459,8979236,327677037,103176238,49923871,45673501,9035,66460344
GBR,2021-10-30,168624,9019962,328382728,103610105,49959923,45698902,9078,66460344
GBR,2021-10-31,168820,9057629,329373127,103814905,49987325,45712351,9234,66460344
GBR,2021-11-01,169012,9097311,330395729,104112757,50025020,45731565,9473,66460344
GBR,2021-11-02,169177,9130857,331313584,104477012,50071683,45752487,9461,66460344
GBR,2021-11-03,169361,9171660,332369950,104896053,50112925,45770452,9246,66460344
GBR,2021-11-04,169530,9208219,333387020,105294664,50156656,45790934,9096,66460344
GBR,2021-11-05,169696,9241916,334262157,105683491,50200147,45813567,8886,66460344
GBR,2021-11-06,169867,9272066,334934728,106167621,50236895,45838067,8641,66460344
GBR,2021-11-07,170028,9301909,335848920,106417956,50262735,45852677,8665,66460344
GBR,2021-11-08,170189,9333891,336878496,106749454,50296294,45873038,8818,66460344
GBR,2021-11-09,170346,9366676,337781037,107150783,50336130,45894237,8759,66460344
GBR,2021-11-10,170516,9406001,338838230,107849975,50455318,45942003,8687,66460344
GBR,2021-11-11,170674,9448402,339910948,108279832,50491701,45964488,8545,66460344
GBR,2021-11-12,170820,9487302,340788998,108693992,50526039,45986536,8447,66460344
GBR,2021-11-13,170972,9524971,341477382,109213829,50559566,46010861,8309,66460344
GBR,2021-11-14,171106,9561099,342426198,109471164,50582504,46027909,8397,66460344
GBR,2021-11-15,171277,9600369,343443637,109807847,50614550,46045964,8561,66460344
GBR,2021-11-16,171443,9637190,344304598,110206709,50645981,46065838,8287,66460344
GBR,2021-11-17,171570,9675058,345437503,110646342,50679073,46087958,8049,66460344
GBR,2021-11-18,171701,9721916,346494772,111082929,50707953,46108608,7957,66460344
GBR,2021-11-19,171843,9766153,347406053,111495504,50735037,46130215,7915,66460344
GBR,2021-11-20,171986,9806034,348142753,112008774,50761050,46154408,7796,66460344
GBR,2021-11-21,172107,9845492,349251129,112277085,50777474,46168300,7894,66460344
GBR,2021-11-22,172238,9889926,350329785,112627026,50800732,46186817,7988,66460344
GBR,2021-11-23,172388,9932408,351321833,113041002,50827554,46208819,7774,66460344
GBR,2021-11-24,172512,9974843,352440949,113467966,50852133,46232258,7525,66460344
GBR,2021-11-25,172653,10021497,353581090,113910449,50875712,46255081,7529,66460344
GBR,2021-11-26,172785,10070841,354510790,114321190,50896026,46278746,7432,66460344
GBR,2021-11-27,172909,10110408,355261105,114842975,50919834,46311612,7283,66460344
GBR,2021-11-28,173053,10146915,356311334,115179248,50941327,46341057,7312,66460344
GBR,2021-11-29,173197,10189059,357428163,115546402,50963718,46367149,7543,66460344
GBR,2021-11-30,173319,10228772,358493063,116001687,50994257,46399306,7552,66460344
GBR,2021-12-01,173457,10276007,359722125,116467922,51020285,46431662,7224,66460344
GBR,2021-12-02,173580,10329074,360954849,116945656,51046133,46462638,7291,66460344
GBR,2021-12-03,173727,10379647,362068867,117387709,51069397,46492449,7206,66460344
GBR,2021-12-04,173890,10421104,362997940,117917037,51096311,46530247,7058,66460344
GBR,2021-12-05,174007,10464389,364167425,118256323,51118266,46557413,7157,66460344
GBR,2021-12-06,174150,10515239,365388255,118630479,51138245,46582425,7261,66460344
GBR,2021-12-07,174282,10560341,366515890,119073416,51161757,46610800,7255,66460344
GBR,2021-12-08,174415,10610958,367861438,119539198,51183457,46640237,7274,66460344
GBR,2021-12-09,174547,10660981,369275494,120066540,51207496,46674061,7347,66460344
GBR,2021-12-10,174669,10719165,370525124,120549526,51229559,46706023,7308,66460344
GBR,2021-12-11,174778,10771444,371568237,121165054,51255850,46745007,7272,66460344
GBR,2021-12-12,174915,10819515,372824177,121616098,51279167,46775202,7391,66460344
GBR,2021-12-13,175028,10873468,374256449,122178898,51298838,46804609,7607,66460344
GBR,2021-12-14,175180,10932545,375646047,122907579,51332920,46842497,7611,66460344
GBR,2021-12-15,175300,11010286,377355424,123719623,51360987,46881291,7526,66460344
GBR,2021-12-16,175418,11097851,379075582,124656103,51393664,46923788,7545,66460344
GBR,2021-12-17,175549,11190354,380722690,125583800,51426554,46966074,7420,66460344
GBR,2021-12-18,175656,11279428,382175489,126608633,51464883,47011972,7356,66460344
GBR,2021-12-19,175773,11361387,383729036,127528154,51498034,47051876,7508,66460344
GBR,2021-12-20,175909,11453121,385328649,128516864,51537827,47102814,7748,66460344
GBR,2021-12-21,176021,11542143,386902564,129579569,51577782,47156899,7951,66460344
GBR,2021-12-22,176157,11647473,388639571,130512070,51617091,47210053,8177,66460344
GBR,2021-12-23,176293,11769921,390396129,131194282,51649696,47254099,8204,66460344
GBR,2021-12-24,176410,11891292,392068045,131388389,51660466,47268067,8446,66460344
GBR,2021-12-25,176522,12013153,393275833,131400741,51661421,47268984,8236,66460344
GBR,2021-12-26,176638,12132098,394630524,131427743,51663356,47271068,8644,66460344
GBR,2021-12-27,176771,12239797,396019658,131743125,51681547,47294774,9651,66460344
GBR,2021-12-28,176933,12377822,397575348,132121605,51705406,47324308,10799,66460344
GBR,2021-12-29,177065,12559926,399159125,132633271,51738013,47368074,11847,66460344
GBR,2021-12-30,177242,12748050,400805749,133108303,51771384,47412181,13033,66460344
GBR,2021-12-31,177397,12937886,402614146,133312817,51786768,47434251,14059,66460344
GBR,2022-01-01,177573,13100458,403735149,133336724,51789045,47437009,14378,66460344
GBR,2022-01-02,177743,13235401,405152510,133477149,51801494,47453494,15002,66460344
GBR,2022-01-03,177922,13422815,406947110,133667427,51820652,47482789,16178,66460344
GBR,2022-01-04,178124,13641520,409105238,133956004,51845518,47523676,17179,66460344
GBR,2022-01-05,178304,13835334,411333198,134274176,51874548,47565340,17891,66460344
GBR,2022-01-06,178523,14015065,413401519,134563461,51897289,47600028,18358,66460344
GBR,2022-01-07,178752,14193228,415169757,134844030,51920711,47635655,18536,66460344
GBR,2022-01-08,178968,14333794,416557034,135162439,51952400,47687370,18460,66460344
GBR,2022-01-09,179210,14475192,418262366,135357499,51974605,47718730,18890,66460344
GBR,2022-01-10,179452,14617314,420044529,135551676,51992559,47745458,19707,66460344
GBR,2022-01-11,179685,14732594,421572577,135739326,52011835,47774248,19608,66460344
FRA,2021-01-10,67380,2777921,38184062,111057,110937,1054,24526,66977107
FRA,2021-01-11,67690,2781503,38580953,151052,150893,1286,24812,66977107
FRA,2021-01-12,68431,2800770,38918539,213249,213059,1582,24703,66977107
FRA,2021-01-13,68660,2824473,39231096,278462,278209,2014,24735,66977107
FRA,2021-01-14,68942,2845701,39553462,361834,361318,3180,24983,66977107
FRA,2021-01-15,69576,2866413,39903428,430978,430358,3735,25009,66977107
FRA,2021-01-16,69766,2887532,40101809,451270,450577,3918,24985,66977107
FRA,2021-01-17,69906,2903975,40146424,462317,461570,4055,25235,66977107
FRA,2021-01-18,70309,2907711,40543545,548420,547494,4669,25584,66977107
FRA,2021-01-19,70963,2931050,40880284,679247,678110,5529,25532,66977107
FRA,2021-01-20,71273,2957547,41200487,817022,815688,6365,25650,66977107
FRA,2021-01-21,71619,2979915,41540345,975662,974123,7312,25699,66977107
FRA,2021-01-22,72268,3002910,41922634,1097012,1095214,8158,25872,66977107
FRA,2021-01-23,72497,3026320,42123946,1135592,1133708,8381,25864,66977107
FRA,2021-01-24,72668,3044358,42166504,1145475,1143460,8577,26357,66977107
FRA,2021-01-25,73113,3048598,42597497,1225190,1221717,10385,26888,66977107
FRA,2021-01-26,73725,3070458,42956643,1329305,1322118,14574,27005,66977107
FRA,2021-01-27,74075,3097374,43296490,1443018,1429384,21735,27131,66977107
FRA,2021-01-28,74418,3120634,43681169,1583830,1553768,38985,27128,66977107
FRA,2021-01-29,75238,3143417,44095107,1694850,1645979,58371,27270,66977107
FRA,2021-01-30,75478,3167274,44311889,1728519,1675107,63049,27242,66977107
FRA,2021-01-31,75673,3186354,44356364,1735660,1680348,64994,27573,66977107
FRA,2021-02-01,76128,3190701,44797590,1811907,1733508,88355,27874,66977107
FRA,2021-02-02,76852,3213360,45182227,1922473,1805847,127075,28029,66977107
FRA,2021-02-03,77209,3239256,45532300,2035123,1878176,167902,27953,66977107
FRA,2021-02-04,77205,3238798,45910969,2172395,1960276,223669,27766,66977107
FRA,2021-02-05,78211,3284085,46333297,2288909,2028528,272369,27572,66977107
FRA,2021-02-06,78401,3303273,46555405,2323291,2051476,284041,27327,66977107
FRA,2021-02-07,78572,3322988,46598797,2334574,2056671,290255,27652,66977107
FRA,2021-02-08,79030,3327305,47026216,2430261,2103528,339574,27995,66977107
FRA,2021-02-09,79752,3345558,47405583,2574825,2169579,419185,27634,66977107
FRA,2021-02-10,80045,3370645,47750817,2729446,2240628,504056,27417,66977107
FRA,2021-02-11,80404,3390952,48113924,2922541,2327937,611792,26963,66977107
FRA,2021-02-12,81046,3410996,48516910,3078003,2407295,689643,26424,66977107
FRA,2021-02-13,81244,3431805,48733079,3119925,2429686,709541,26196,66977107
FRA,2021-02-14,81405,3447518,48775814,3132330,2434766,716994,26401,66977107
FRA,2021-02-15,81817,3451894,49196054,3247262,2472898,794819,26478,66977107
FRA,2021-02-16,82399,3471268,49557035,3397359,2523318,895850,26195,66977107
FRA,2021-02-17,82705,3495775,49895374,3554893,2573879,1004255,25929,66977107
FRA,2021-02-18,82975,3517177,50257937,3748505,2643693,1130103,25717,66977107
FRA,2021-02-19,83542,3541282,50662604,3905936,2708786,1224331,25506,66977107
FRA,2021-02-20,83693,3562707,50878041,3953081,2727388,1253245,25269,66977107
FRA,2021-02-21,83852,3584326,50921555,3962454,2730723,1259388,25464,66977107
FRA,2021-02-22,84185,3588972,51328575,4073124,2768235,1333561,25831,66977107
FRA,2021-02-23,84610,3608271,51672813,4212255,2822037,1420413,25660,66977107
FRA,2021-02-24,84884,3639501,52001716,4355254,2882076,1504954,25614,66977107
FRA,2021-02-25,85141,3664050,52346213,4547066,2982690,1599151,25317,66977107
FRA,2021-02-26,85676,3689034,52736146,4731310,3096182,1673054,25130,66977107
FRA,2021-02-27,85858,3712474,52942722,4805882,3148313,1696740,24989,66977107
FRA,2021-02-28,85980,3732426,52987154,4816197,3154522,1701042,25280,66977107
FRA,2021-03-01,86347,3736390,53391469,4936219,3220468,1756991,25430,66977107
FRA,2021-03-02,86764,3759247,53729041,5104821,3321885,1827220,25263,66977107
FRA,2021-03-03,87079,3785326,54049432,5286872,3438452,1896399,25111,66977107
FRA,2021-03-04,87372,3810605,54394588,5523188,3602116,1974622,24891,66977107
FRA,2021-03-05,87796,3833572,54790486,5786855,3803078,2044058,24765,66977107
FRA,2021-03-06,87958,3856182,55004537,6012331,4011073,2066839,24625,66977107
FRA,2021-03-07,88088,3878007,55050795,6137588,4132366,2074097,24818,66977107
FRA,2021-03-08,88444,3883334,55478601,6294312,4239546,2127129,25195,66977107
FRA,2021-03-09,88811,3906363,55849240,6522829,4412035,2188656,25201,66977107
FRA,2021-03-10,89142,3935990,56195435,6758939,4591079,2251393,24969,66977107
FRA,2021-03-11,89395,3963156,56606077,7065919,4834013,2323534,24858,66977107
FRA,2021-03-12,89618,3988194,57070747,7414156,5128889,2386352,24749,66977107
FRA,2021-03-13,89787,4017844,57315858,7660865,5360334,2407594,24671,66977107
FRA,2021-03-14,89927,4043769,57370504,7727263,5423699,2412662,24989,66977107
FRA,2021-03-15,90252,4050010,57865752,7917450,5582400,2448802,25469,66977107
FRA,2021-03-16,90660,4080012,58314800,8097869,5723999,2491769,25492,66977107
FRA,2021-03-17,90885,4117650,58719624,8285973,5874518,2534119,25314,66977107
FRA,2021-03-18,91148,4152604,59203192,8498172,6042391,2584007,25389,66977107
FRA,2021-03-19,91433,4187630,59748632,8764977,6272448,2628113,25339,66977107
FRA,2021-03-20,91600,4222935,60031675,8943083,6439169,2644122,25537,66977107
FRA,2021-03-21,91737,4252919,60091431,8995172,6489129,2648009,25926,66977107
FRA,2021-03-22,92080,4268711,60673129,9198791,6659214,2687047,26488,66977107
FRA,2021-03-23,92367,4283389,61208943,9491596,6909656,2737257,26756,66977107
FRA,2021-03-24,92594,4347614,61692402,9792145,7166609,2788956,26876,66977107
FRA,2021-03-25,92819,4393255,62263410,10179319,7508486,2845249,27036,66977107
FRA,2021-03-26,93714,4434884,62898605,10579965,7867337,2898796,27242,66977107
FRA,2021-03-27,93904,4477503,63246189,10792217,8062634,2922194,27259,66977107
FRA,2021-03-28,94028,4513685,63309581,10856168,8121995,2928846,27712,66977107
FRA,2021-03-29,94388,4522779,63997289,11112589,8325023,2989000,28322,66977107
FRA,2021-03-30,94769,4553481,64653832,11468185,8610573,3069456,28510,66977107
FRA,2021-03-31,95052,4611392,65224573,11805334,8873656,3154190,28463,66977107
FRA,2021-04-01,95356,4661841,65885123,12213759,9189243,3260603,28581,66977107
FRA,2021-04-02,95683,4708648,66555953,12589969,9470628,3367254,28729,66977107
FRA,2021-04-03,95861,4707488,66962716,12793693,9611725,3435138,28886,66977107
FRA,2021-04-04,96046,4788117,67028857,12859269,9658277,3456215,29356,66977107
FRA,2021-04-05,96243,4799078,67131941,12933055,9721650,3469274,29907,66977107
FRA,2021-04-06,96672,4807123,67762716,13263505,9938926,3591302,30639,66977107
FRA,2021-04-07,97080,4807123,68241039,13639139,10199251,3717950,30904,66977107
FRA,2021-04-08,97422,4903965,68710858,14100303,10537168,3856815,30555,66977107
FRA,2021-04-09,97746,4903965,69220988,14627481,10947413,3991110,30326,66977107
FRA,2021-04-10,97942,4903965,69517360,14923040,11160079,4082382,30238,66977107
FRA,2021-04-11,98118,5021865,69576793,15013388,11216241,4119087,30671,66977107
FRA,2021-04-12,98503,5030401,70057224,15366395,11453371,4244531,31262,66977107
FRA,2021-04-13,98836,5068534,70449147,15820202,11762929,4401644,31226,66977107
FRA,2021-04-14,99133,5111882,70819787,16254893,12057538,4554891,30868,66977107
FRA,2021-04-15,99427,5149776,71196274,16742995,12394744,4720991,30668,66977107
FRA,2021-04-16,99758,5186109,71614320,17229753,12734106,4882692,30472,66977107
FRA,2021-04-17,99947,5221888,71863083,17508534,12922795,4980375,30329,66977107
FRA,2021-04-18,100075,5249622,71915474,17595686,12974440,5018256,30789,66977107
FRA,2021-04-19,100522,5256318,72334556,17940199,13180192,5165720,31214,66977107
FRA,2021-04-20,100909,5300321,72678638,18367317,13434689,5349433,31086,66977107
FRA,2021-04-21,101215,5334144,73005531,18791749,13688036,5531704,30954,66977107
FRA,2021-04-22,101498,5367544,73337036,19270673,13975671,5736769,30634,66977107
FRA,2021-04-23,101830,5399600,73715517,19753853,14273355,5940277,30438,66977107
FRA,2021-04-24,102046,5432085,73939714,20056647,14463838,6062791,30100,66977107
FRA,2021-04-25,102190,5456417,73989095,20165138,14533418,6105381,30287,66977107
FRA,2021-04-26,102567,5460793,74396947,20545417,14754425,6277290,30596,66977107
FRA,2021-04-27,102907,5490025,74757370,21019088,15039083,6488677,30281,66977107
FRA,2021-04-28,103219,5521227,75073101,21504849,15338681,6698493,29911,66977107
FRA,2021-04-29,103525,5547670,75460605,22061686,15695901,6931914,29487,66977107
FRA,2021-04-30,103815,5571804,75931809,22621238,16068172,7157409,28930,66977107
FRA,2021-05-01,104007,5597295,76001412,22841635,16235852,7221193,28603,66977107
FRA,2021-05-02,104093,5605532,76059665,22971358,16327623,7264791,28818,66977107
FRA,2021-05-03,104404,5609292,76533701,23426282,16616611,7450409,28950,66977107
FRA,2021-05-04,104658,5633509,76939926,23968925,16932372,7702227,28427,66977107
FRA,2021-05-05,104900,5658254,77294632,24524256,17259695,7953998,27686,66977107
FRA,2021-05-06,105119,5679730,77739432,25146849,17639353,8229545,26985,66977107
FRA,2021-05-07,105370,5698706,78248621,25779836,18012191,8529525,26331,66977107
FRA,2021-05-08,105530,5718165,78335784,26073859,18234383,8616265,25800,66977107
FRA,2021-05-09,105645,5727293,78393799,26248322,18364118,8669388,25797,66977107
FRA,2021-05-10,105937,5730585,78916169,26792738,18677554,8924910,25666,66977107
FRA,2021-05-11,106186,5750098,79397825,27456749,19081542,9221794,25028,66977107
FRA,2021-05-12,106350,5770128,79848005,28126423,19515776,9491978,24254,66977107
FRA,2021-05-13,106481,5789589,79926693,28521932,19854420,9569904,23656,66977107
FRA,2021-05-14,106652,5796058,80379970,29144758,20308614,9773018,23406,66977107
FRA,2021-05-15,106764,5811711,80607765,29614630,20683637,9893820,22950,66977107
FRA,2021-05-16,106845,5825659,80661982,29838272,20886416,9927916,22963,66977107
FRA,2021-05-17,107041,5829009,81136008,30364879,21262587,10106587,22749,66977107
FRA,2021-05-18,107256,5845010,81573803,30981261,21722820,10299898,22058,66977107
FRA,2021-05-19,107390,5863138,81962063,31593789,22190303,10479740,21347,66977107
FRA,2021-05-20,107522,5514022,82392500,32263992,22697913,10683944,20750,66977107
FRA,2021-05-21,107645,5526555,82846947,32930992,23187650,10905755,20209,66977107
FRA,2021-05-22,107732,5538938,83092288,33359144,23534881,11014437,19765,66977107
FRA,2021-05-23,107789,5547914,83144915,33535321,23696601,11041117,19720,66977107
FRA,2021-05-24,107851,5550143,83241924,33832258,23959824,11094062,19701,66977107
FRA,2021-05-25,108071,5552977,83727701,34425399,24360146,11321092,19430,66977107
FRA,2021-05-26,108201,5564217,84085111,35032458,24773670,11550449,18593,66977107
FRA,2021-05-27,108343,5578150,84493521,35704629,25223558,11817707,17941,66977107
FRA,2021-05-28,108466,5588981,84940621,36397295,25653176,12136961,17272,66977107
FRA,2021-05-29,108534,5600353,85170263,36847427,25952186,12320351,16847,66977107
FRA,2021-05-30,108576,5608347,85221566,36987251,26059342,12362438,16775,66977107
FRA,2021-05-31,108700,5609558,85621956,37550307,26417426,12604217,16596,66977107
FRA,2021-06-01,108834,5619133,85970692,38234739,26848595,12907155,16088,66977107
FRA,2021-06-02,108913,5619133,86285331,38889728,27268791,13187350,15638,66977107
FRA,2021-06-03,108982,5634526,86652627,39615050,27734515,13499896,15283,66977107
FRA,2021-06-04,109069,5641296,87072509,40379008,28190828,13863218,14801,66977107
FRA,2021-06-05,109126,5647950,87285254,40874075,28495670,14086014,14532,66977107
FRA,2021-06-06,109144,5652705,87331353,41056666,28629014,14147173,14525,66977107
FRA,2021-06-07,109208,5653678,87706941,41659739,28969043,14445779,14323,66977107
FRA,2021-06-08,109278,5659478,88035125,42346937,29363017,14784062,13984,66977107
FRA,2021-06-09,109331,5663717,88315886,43007418,29747994,15102227,13526,66977107
FRA,2021-06-10,109398,5667993,88658036,43699682,30152258,15437948,13090,66977107
FRA,2021-06-11,109472,5671864,89039987,44444423,30538995,15844929,12712,66977107
FRA,2021-06-12,109503,5675604,89238728,44939215,30822296,16088069,12496,66977107
FRA,2021-06-13,109509,5678209,89285382,45118168,30927203,16172904,12480,66977107
FRA,2021-06-14,109572,5678893,89626836,45714519,31168097,16556129,12374,66977107
FRA,2021-06-15,109649,5681846,89910721,46408669,31476338,16979240,11895,66977107
FRA,2021-06-16,109685,5683536,90161744,47081727,31790366,17374616,11519,66977107
FRA,2021-06-17,109741,5685387,90481090,47774074,32108111,17788983,11114,66977107
FRA,2021-06-18,109808,5688557,90868126,48539796,32429897,18274983,10738,66977107
FRA,2021-06-19,109830,5691181,91073082,49038639,32654265,18576202,10531,66977107
FRA,2021-06-20,109844,5692996,91123106,49215515,32728724,18687681,10518,66977107
FRA,2021-06-21,109878,5692968,91438302,49814135,32924545,19115407,10386,66977107
FRA,2021-06-22,109928,5694975,91695990,50506493,33147795,19615913,10046,66977107
FRA,2021-06-23,109955,5696069,91929110,51181936,33381882,20090181,9771,66977107
FRA,2021-06-24,109999,5698076,92220396,51834987,33623791,20537458,9392,66977107
FRA,2021-06-25,110032,5699818,92575168,52587156,33851469,21099546,9190,66977107
FRA,2021-06-26,110044,5701946,92783805,53112142,34004765,21495453,9024,66977107
FRA,2021-06-27,110061,5703524,92836281,53324178,34060690,21660304,8986,66977107
FRA,2021-06-28,110105,5703780,93156851,53932699,34215503,22138432,8846,66977107
FRA,2021-06-29,110138,5705863,93420312,54625440,34398257,22677666,8627,66977107
FRA,2021-06-30,110161,5707142,93688931,55316790,34602304,23197195,8451,66977107
FRA,2021-07-01,110190,5709806,94013293,56009070,34833771,23695713,8232,66977107
FRA,2021-07-02,110213,5712276,94410869,56759927,35062477,24258047,8044,66977107
FRA,2021-07-03,110230,5715282,94679216,57271656,35204537,24653292,7912,66977107
FRA,2021-07-04,110239,5717831,94746660,57469693,35261302,24803988,7913,66977107
FRA,2021-07-05,110270,5718270,95121022,58058564,35429857,25252571,7806,66977107
FRA,2021-07-06,110297,5720593,95415437,58731780,35626669,25763690,7637,66977107
FRA,2021-07-07,110319,5724395,95725143,59385910,35839927,26241116,7539,66977107
FRA,2021-07-08,110344,5728837,96084070,60043839,36071607,26709184,7384,66977107
FRA,2021-07-09,110360,5733214,96549067,60785741,36300251,27266537,7275,66977107
FRA,2021-07-10,110379,5737910,96893484,61275294,36448891,27635404,7183,66977107
FRA,2021-07-11,110383,5742166,96983957,61445843,36509108,27756361,7183,66977107
FRA,2021-07-12,110406,5742783,97377041,62094754,36678552,28268784,7137,66977107
FRA,2021-07-13,110456,5749593,97782847,62910727,36965864,28854407,7076,66977107
FRA,2021-07-14,110450,5749593,97896444,63249615,37146987,29041044,7047,66977107
FRA,2021-07-15,110464,5760374,98340719,64100441,37494118,29612597,7054,66977107
FRA,2021-07-16,110486,5771282,98833004,64977543,37874243,30186716,6971,66977107
FRA,2021-07-17,110502,5782231,99201043,65557809,38134000,30555301,6922,66977107
FRA,2021-07-18,110507,5794763,99301621,65782430,38243747,30688300,6936,66977107
FRA,2021-07-19,110519,5796453,99744643,66493463,38529275,31167174,7041,66977107
FRA,2021-07-20,110548,5814442,100162858,67323334,38906221,31690704,6912,66977107
FRA,2021-07-21,110558,5834523,100677777,68127554,39302068,32172504,6869,66977107
FRA,2021-07-22,110569,5856432,101175349,68957666,39743162,32644270,6832,66977107
FRA,2021-07-23,110605,5875702,101900722,69821857,40183515,33154177,6802,66977107
FRA,2021-07-24,110627,5901326,102467041,70377236,40468779,33476166,6787,66977107
FRA,2021-07-25,110633,5916568,102609982,70578519,40589909,33576438,6843,66977107
FRA,2021-07-26,110670,5919170,103241027,71249716,40937364,33961115,7079,66977107
FRA,2021-07-27,110695,5946041,103772517,72034798,41401488,34361518,7137,66977107
FRA,2021-07-28,110728,5971078,104309980,72785291,41860973,34728496,7208,66977107
FRA,2021-07-29,110751,5996132,104915063,73553057,42350842,35085459,7236,66977107
FRA,2021-07-30,110813,6020331,105757631,74319191,42812705,35466262,7363,66977107
FRA,2021-07-31,110856,6043802,106379973,74790554,43098131,35697767,7409,66977107
FRA,2021-08-01,110874,6063402,106538724,74952774,43210187,35763452,7581,66977107
FRA,2021-08-02,110897,6063402,107208952,75530083,43551868,36048163,7840,66977107
FRA,2021-08-03,110941,6084067,107759927,76174885,43950516,36352654,7974,66977107
FRA,2021-08-04,110972,6111503,108310289,76770881,44335403,36618282,8134,66977107
FRA,2021-08-05,111024,6137948,108910164,77367141,44701611,36899997,8210,66977107
FRA,2021-08-06,111077,6161967,109722320,77999949,45061373,37226580,8368,66977107
FRA,2021-08-07,111109,6187722,110346043,78392177,45274526,37436619,8425,66977107
FRA,2021-08-08,111137,6208172,110527582,78529854,45348739,37510240,8685,66977107
FRA,2021-08-09,111198,6211471,111472576,79048750,45607519,37807712,9022,66977107
FRA,2021-08-10,111247,6232682,112295600,79634350,45914419,38131130,9153,66977107
FRA,2021-08-11,111289,6260194,113069740,80175101,46194189,38432731,9233,66977107
FRA,2021-08-12,111365,6288585,113932923,80726345,46465764,38752981,9465,66977107
FRA,2021-08-13,111454,6314823,114935777,81258240,46717945,39069928,9546,66977107
FRA,2021-08-14,111507,6339250,115775981,81601404,46863311,39288907,9648,66977107
FRA,2021-08-15,111551,6360422,115973575,81691114,46902714,39344575,9798,66977107
FRA,2021-08-16,111576,6366015,116948865,82196315,47088912,39689953,10151,66977107
FRA,2021-08-17,111659,6378738,117769831,82749471,47304633,40058774,10219,66977107
FRA,2021-08-18,111761,6406369,118523583,83274528,47503716,40413302,10336,66977107
FRA,2021-08-19,111890,6430319,119379740,83793616,47695769,40769248,10392,66977107
FRA,2021-08-20,111941,6450822,120444284,84348109,47882264,41165846,10515,66977107
FRA,2021-08-21,112070,6473458,121213670,84691765,47987080,41420407,10463,66977107
FRA,2021-08-22,112185,6490758,121395939,84811182,48019030,41512569,10651,66977107
FRA,2021-08-23,112247,6492581,122292662,85310748,48160033,41892157,11007,66977107
FRA,2021-08-24,112362,6517026,123030615,85851695,48322557,42294971,11066,66977107
FRA,2021-08-25,112430,6537883,123704741,86355613,48473722,42670364,11171,66977107
FRA,2021-08-26,112551,6557287,124461108,86843859,48616621,43037925,11104,66977107
FRA,2021-08-27,112650,6557287,125440252,87383350,48765079,43452789,11162,66977107
FRA,2021-08-28,112604,6591438,126166287,87725079,48855761,43717753,11052,66977107
FRA,2021-08-29,112657,6605068,126336373,87836280,48883086,43806026,11092,66977107
FRA,2021-08-30,112694,6605068,127159780,88282996,49000518,44148413,11245,66977107
FRA,2021-08-31,112824,6605068,127803160,88756484,49129353,44502339,11120,66977107
FRA,2021-09-01,112905,6635813,128375400,89200757,49265522,44804740,11119,66977107
FRA,2021-09-02,113014,6649966,128994241,89589158,49380177,45066838,10934,66977107
FRA,2021-09-03,113042,6662874,129840110,90030129,49498508,45376142,10816,66977107
FRA,2021-09-04,113125,6676210,130498215,90350418,49588402,45606629,10654,66977107
FRA,2021-09-05,113174,6686620,130638541,90420978,49609769,45654908,10644,66977107
FRA,2021-09-06,113291,6688909,131327893,90709136,49685471,45845568,10757,66977107
FRA,2021-09-07,113385,6702711,131878456,91003926,49765788,46036604,10646,66977107
FRA,2021-09-08,113385,6702711,132396595,91330722,49856802,46253171,10438,66977107
FRA,2021-09-09,113475,6720301,133010211,91606136,49933788,46427290,10323,66977107
FRA,2021-09-10,113569,6730199,133846943,91941779,50029839,46642187,10115,66977107
FRA,2021-09-11,113615,6739800,134484309,92190448,50097008,46820371,10018,66977107
FRA,2021-09-12,113644,6747479,134621827,92238156,50109838,46854510,10012,66977107
FRA,2021-09-13,113711,6748770,135287452,92470173,50174419,46988678,9986,66977107
FRA,2021-09-14,113805,6759097,135837446,92729158,50247923,47124423,9739,66977107
FRA,2021-09-15,113805,6759097,136334858,93029290,50324591,47299100,9555,66977107
FRA,2021-09-16,113836,6771911,136899340,93267873,50388489,47416980,9297,66977107
FRA,2021-09-17,113923,6778846,137691414,93553757,50463582,47576706,9070,66977107
FRA,2021-09-18,113965,6786260,138269492,93757266,50511826,47721023,8912,66977107
FRA,2021-09-19,113993,6792074,138389591,93791263,50519734,47745898,8887,66977107
FRA,2021-09-20,113993,6792074,139003657,93979752,50564314,47842139,8845,66977107
FRA,2021-09-21,114097,6798722,139512632,94186886,50610232,47940523,8594,66977107
FRA,2021-09-22,114148,6805130,139967005,94433471,50658943,48085365,8414,66977107
FRA,2021-09-23,114209,6810965,140499097,94631334,50702241,48176634,8237,66977107
FRA,2021-09-24,114262,6816844,141233011,94871627,50754565,48309021,8107,66977107
FRA,2021-09-25,114262,6822060,141765224,95038832,50789790,48427668,7980,66977107
FRA,2021-09-26,114276,6826766,141871761,95064475,50795351,48446359,7994,66977107
FRA,2021-09-27,114347,6827408,142445196,95222675,50829339,48525140,7980,66977107
FRA,2021-09-28,114394,6834025,142931303,95389519,50865863,48599466,7801,66977107
FRA,2021-09-29,114430,6838988,143367209,95588117,50910289,48702309,7726,66977107
FRA,2021-09-30,114491,6843836,143895621,95754590,50946638,48773791,7565,66977107
FRA,2021-10-01,114538,6848693,144603023,95977118,51008358,48875204,7410,66977107
FRA,2021-10-02,114568,6853641,145131267,96116056,51047831,48956941,7294,66977107
FRA,2021-10-03,114577,6857385,145230749,96134374,51053121,48968196,7308,66977107
FRA,2021-10-04,114620,6857921,145743519,96280805,51088329,49027696,7299,66977107
FRA,2021-10-05,114660,6862305,146200141,96440291,51122266,49089807,7096,66977107
FRA,2021-10-06,114679,6865914,146603540,96628207,51164994,49169991,7038,66977107
FRA,2021-10-07,114712,6870807,147075654,96786603,51195571,49229489,6903,66977107
FRA,2021-10-08,114750,6874967,147750853,97005915,51245057,49319373,6805,66977107
FRA,2021-10-09,114765,6879701,148264456,97132127,51278734,49383514,6706,66977107
FRA,2021-10-10,114773,6883692,148356775,97147481,51283456,49391454,6737,66977107
FRA,2021-10-11,114808,6884812,148863991,97289259,51314192,49442057,6729,66977107
FRA,2021-10-12,114860,6890619,149308932,97446170,51345843,49493366,6629,66977107
FRA,2021-10-13,114860,6890619,149722715,97623768,51386011,49556163,6601,66977107
FRA,2021-10-14,114887,6899839,150530499,97775900,51416375,49605857,6523,66977107
FRA,2021-10-15,114921,6905628,150903756,97989548,51461336,49676191,6470,66977107
FRA,2021-10-16,114936,6910527,151187440,98101709,51492671,49722891,6437,66977107
FRA,2021-10-17,114941,6914305,151248131,98114442,51496569,49728568,6448,66977107
FRA,2021-10-18,114987,6915362,151639125,98253657,51525786,49771127,6468,66977107
FRA,2021-10-19,115001,6920457,151986499,98402970,51552982,49814328,6483,66977107
FRA,2021-10-20,115024,6926248,152301145,98587861,51588329,49866136,6465,66977107
FRA,2021-10-21,115061,6932261,152643105,98743315,51614498,49908107,6453,66977107
FRA,2021-10-22,115084,6937872,153079673,98949380,51652948,49967461,6400,66977107
FRA,2021-10-23,115107,6944163,153415351,99063142,51679982,50009887,6348,66977107
FRA,2021-10-24,115111,6949168,153480129,99074544,51682929,50014901,6377,66977107
FRA,2021-10-25,115154,6950451,153830878,99219353,51709039,50050382,6405,66977107
FRA,2021-10-26,115182,6956491,154123704,99365565,51732809,50082540,6445,66977107
FRA,2021-10-27,115215,6963019,154407841,99551270,51762925,50126576,6489,66977107
FRA,2021-10-28,115243,6968918,154695332,99698706,51786536,50157769,6541,66977107
FRA,2021-10-29,115260,6975016,155072412,99899300,51818126,50204266,6534,66977107
FRA,2021-10-30,115282,6982376,155404281,100003551,51838704,50237184,6524,66977107
FRA,2021-10-31,115294,6988705,155479432,100013400,51841223,50241028,6572,66977107
FRA,2021-11-01,115296,6990332,155565322,100030040,51849767,50246048,6639,66977107
FRA,2021-11-02,115383,6992339,155935705,100190293,51876154,50282284,6680,66977107
FRA,2021-11-03,115418,7002389,156216739,100387485,51906288,50325840,6764,66977107
FRA,2021-11-04,115457,7011068,156492394,100556590,51930112,50357414,6718,66977107
FRA,2021-11-05,115481,7019847,156859663,100783863,51962534,50402065,6735,66977107
FRA,2021-11-06,115506,7029452,157162948,100905002,51984088,50434449,6667,66977107
FRA,2021-11-07,115516,7037999,157227014,100916800,51986518,50438448,6709,66977107
FRA,2021-11-08,115558,7039756,157599133,101102639,52007152,50469398,6865,66977107
FRA,2021-11-09,115597,7051795,157928677,101331818,52029595,50502251,6851,66977107
FRA,2021-11-10,115630,7062794,158283126,101605831,52061216,50546273,6906,66977107
FRA,2021-11-11,115643,7075244,158369317,101630352,52065966,50552179,6952,66977107
FRA,2021-11-12,115691,7079005,158850691,101898596,52095070,50593891,7046,66977107
FRA,2021-11-13,115707,7093651,159182198,102032398,52115427,50622117,7050,66977107
FRA,2021-11-14,115724,7106147,159250398,102045809,52117794,50625479,7111,66977107
FRA,2021-11-15,115795,7109125,159709411,102266106,52138319,50653259,7361,66977107
FRA,2021-11-16,115842,7128903,160142928,102534490,52161994,50680958,7535,66977107
FRA,2021-11-17,115898,7149118,160548882,102815586,52192539,50717404,7663,66977107
FRA,2021-11-18,115947,7168026,160993951,103076951,52215999,50746792,7787,66977107
FRA,2021-11-19,115994,7188721,161563256,103415757,52249695,50786695,7940,66977107
FRA,2021-11-20,116017,7211399,161985683,103580244,52275121,50815962,7974,66977107
FRA,2021-11-21,116032,7231148,162065135,103597056,52277787,50819405,8038,66977107
FRA,2021-11-22,116127,7235966,162680252,103833898,52300611,50838314,8338,66977107
FRA,2021-11-23,116210,7266361,163281057,104135138,52326349,50862425,8525,66977107
FRA,2021-11-24,116289,7296757,163870323,104446176,52358172,50896897,8765,66977107
FRA,2021-11-25,116356,7330086,164530800,104777733,52383826,50921943,8981,66977107
FRA,2021-11-26,116416,7364380,165301298,105266090,52417082,50959336,9181,66977107
FRA,2021-11-27,116448,7401437,165848318,105554519,52440590,50987774,9271,66977107
FRA,2021-11-28,116469,7433018,165961482,105625341,52444118,50991831,9381,66977107
FRA,2021-11-29,116591,7441297,166814518,106041289,52463567,51014919,9860,66977107
FRA,2021-11-30,116702,7486179,167626716,106596355,52488356,51041709,10249,66977107
FRA,2021-12-01,116793,7535587,168420885,107169560,52515757,51073015,10558,66977107
FRA,2021-12-02,116895,7583957,169266591,107791691,52537890,51094008,10790,66977107
FRA,2021-12-03,117016,7633529,170187199,108507991,52563472,51128328,11103,66977107
FRA,2021-12-04,117064,7684993,170894784,108923623,52581814,51153987,11340,66977107
FRA,2021-12-05,117091,7727146,171050793,109039841,52585972,51158839,11526,66977107
FRA,2021-12-06,117283,7738424,172075405,109635421,52614424,51184052,12096,66977107
FRA,2021-12-07,117447,7794665,172985168,110397539,52637993,51212554,12714,66977107
FRA,2021-12-08,117579,7855841,173862294,111108710,52663520,51247485,13044,66977107
FRA,2021-12-09,117706,7912490,174777378,111892370,52687607,51276435,13363,66977107
FRA,2021-12-10,117851,7967415,175733994,112769576,52715686,51314358,13629,66977107
FRA,2021-12-11,117918,8021334,176467911,113302121,52735941,51344295,13855,66977107
FRA,2021-12-12,117966,8065182,176645955,113473534,52741626,51350678,14050,66977107
FRA,2021-12-13,118201,8076647,177725236,114175131,52762998,51380306,14527,66977107
FRA,2021-12-14,118357,8136637,178654395,115089809,52790989,51415699,14819,66977107
FRA,2021-12-15,118504,8202064,179580492,115929196,52819447,51455181,15062,66977107
FRA,2021-12-16,118676,8262620,180537412,116839647,52847505,51490253,15142,66977107
FRA,2021-12-17,118836,8320607,181565958,117810287,52879170,51533572,15410,66977107
FRA,2021-12-18,118921,8379143,182373517,118387946,52904115,51563608,15370,66977107
FRA,2021-12-19,118996,8427616,182583300,118595046,52912886,51571440,15528,66977107
FRA,2021-12-20,119212,8442487,183594872,119317262,52944671,51605247,15918,66977107
FRA,2021-12-21,119439,8515067,184574660,120153546,52984155,51643992,16076,66977107
FRA,2021-12-22,119608,8599161,185726867,120870297,53023721,51681066,16118,66977107
FRA,2021-12-23,119773,8685716,187242485,121426176,53057515,51711153,16060,66977107
FRA,2021-12-24,119940,8779840,188589889,121574346,53068216,51722789,16173,66977107
FRA,2021-12-25,120024,8884451,188772079,121586319,53068996,51724836,16162,66977107
FRA,2021-12-26,120120,8912148,189034950,121655164,53073695,51729571,16365,66977107
FRA,2021-12-27,120365,8941762,190350317,122224575,53104205,51762584,16921,66977107
FRA,2021-12-28,120659,9121078,191585084,122927743,53142574,51797665,17405,66977107
FRA,2021-12-29,120832,9323371,192914992,123558738,53182456,51830746,17856,66977107
FRA,2021-12-30,121012,9529614,194514059,124092315,53218384,51860246,18321,66977107
FRA,2021-12-31,121201,9761814,196119209,124246742,53230437,51871509,18715,66977107
FRA,2022-01-01,121311,9980940,196315678,124260126,53232034,51873317,18811,66977107
FRA,2022-01-02,121402,10039372,196691279,124337834,53238165,51878426,19043,66977107
FRA,2022-01-03,121672,10106833,198620158,124964228,53277916,51915301,19606,66977107
FRA,2022-01-04,122014,10371017,200303810,125761309,53320232,51955943,20186,66977107
FRA,2022-01-05,122250,10693911,202016682,126497383,53381458,51999736,20688,66977107
FRA,2022-01-06,122454,10952698,203927103,127293777,53425779,52039952,21169,66977107
FRA,2022-01-07,122640,11275841,205743342,128181792,53476626,52086789,21605,66977107
FRA,2022-01-08,122782,11579510,207024926,128732129,53521641,52121832,21721,66977107
FRA,2022-01-09,122872,11875607,207470524,128903219,53537255,52133313,21982,66977107
FRA,2022-01-10,123151,11963184,209693099,129503111,53572680,52176334,22749,66977107
FRA,2022-01-11,123490,12322734,211327789,130196163,53614636,52218727,23371,66977107
